bottleneck_id,cpu_name,gpu_name,balance,wqhd,4k,game_appropriate,game_delivery,video_editing,encode,created_at,updated_at
1,Core i9 11900K,RTX 3090,4,4,4,-,4,4,4,2021/11/12 12:14,2021/11/12 12:14
2,Core i9 11900,RTX 3090,4,4,4,-,4,4,4,2021/11/12 12:14,2021/11/12 12:14
3,Core i9 10900K,RTX 3090,4,4,4,-,4,4,4,2021/11/12 12:14,2021/11/12 12:14
4,Core i9 10900,RTX 3090,3,4,4,-,4,4,3,2021/11/12 12:14,2021/11/12 12:14
5,Core i7 11700K,RTX 3090,3,4,4,-,4,4,3,2021/11/12 12:14,2021/11/12 12:14
6,Core i7 11700,RTX 3090,2,4,4,-,4,4,3,2021/11/12 12:14,2021/11/12 12:14
7,Core i7 10700K,RTX 3090,3,4,4,-,4,4,3,2021/11/12 12:14,2021/11/12 12:14
8,Core i7 10700,RTX 3090,2,4,4,-,4,4,3,2021/11/12 12:14,2021/11/12 12:14
9,Core i5 11400,RTX 3090,1,4,3,-,3,4,2,2021/11/12 12:14,2021/11/12 12:14
10,Core i5 10400,RTX 3090,1,4,2,-,2,2,4,2021/11/12 12:14,2021/11/12 12:14
11,Ryzen 9 5900X,RTX 3090,4,4,4,-,4,4,4,2021/11/12 12:14,2021/11/12 12:14
12,Ryzen 9 5950X,RTX 3090,4,4,4,-,4,4,4,2021/11/12 12:14,2021/11/12 12:14
13,Ryzen 7 5800X,RTX 3090,4,4,4,-,4,4,4,2021/11/12 12:14,2021/11/12 12:14
14,Ryzen 7 3700X,RTX 3090,2,4,4,-,4,4,4,2021/11/12 12:14,2021/11/12 12:14
15,Ryzen 5 5600X,RTX 3090,2,4,4,-,4,4,4,2021/11/12 12:14,2021/11/12 12:14
16,Ryzen 5 3600,RTX 3090,1,4,3,-,4,4,3,2021/11/12 12:14,2021/11/12 12:14
17,Ryzen 5 3500X,RTX 3090,1,4,2,-,3,3,2,2021/11/12 12:14,2021/11/12 12:14
18,Ryzen 5 3500,RTX 3090,1,4,2,-,2,3,2,2021/11/12 12:14,2021/11/12 12:14
19,Core i9 11900K,RX 6900 XT,4,4,4,-,4,4,4,2021/11/12 12:14,2021/11/12 12:14
20,Core i9 11900,RX 6900 XT,4,4,4,-,4,4,4,2021/11/12 12:14,2021/11/12 12:14
21,Core i9 10900K,RX 6900 XT,4,4,4,-,4,4,4,2021/11/12 12:14,2021/11/12 12:14
22,Core i9 10900,RX 6900 XT,3,4,4,-,4,4,3,2021/11/12 12:14,2021/11/12 12:14
23,Core i7 11700K,RX 6900 XT,3,4,4,-,4,4,3,2021/11/12 12:14,2021/11/12 12:14
24,Core i7 11700,RX 6900 XT,2,4,4,-,4,4,3,2021/11/12 12:14,2021/11/12 12:14
25,Core i7 10700K,RX 6900 XT,3,4,4,-,4,4,3,2021/11/12 12:14,2021/11/12 12:14
26,Core i7 10700,RX 6900 XT,2,4,4,-,4,4,3,2021/11/12 12:14,2021/11/12 12:14
27,Core i5 11400,RX 6900 XT,1,4,3,-,3,4,2,2021/11/12 12:14,2021/11/12 12:14
28,Core i5 10400,RX 6900 XT,1,4,2,-,2,2,4,2021/11/12 12:14,2021/11/12 12:14
29,Ryzen 9 5900X,RX 6900 XT,4,4,4,-,4,4,4,2021/11/12 12:14,2021/11/12 12:14
30,Ryzen 9 5950X,RX 6900 XT,4,4,4,-,4,4,4,2021/11/12 12:14,2021/11/12 12:14
31,Ryzen 7 5800X,RX 6900 XT,4,4,4,-,4,4,4,2021/11/12 12:14,2021/11/12 12:14
32,Ryzen 7 3700X,RX 6900 XT,2,4,4,-,4,4,4,2021/11/12 12:14,2021/11/12 12:14
33,Ryzen 5 5600X,RX 6900 XT,2,4,4,-,4,4,4,2021/11/12 12:14,2021/11/12 12:14
34,Ryzen 5 3600,RX 6900 XT,1,4,3,-,4,4,3,2021/11/12 12:14,2021/11/12 12:14
35,Ryzen 5 3500X,RX 6900 XT,1,4,2,-,3,3,2,2021/11/12 12:14,2021/11/12 12:14
36,Ryzen 5 3500,RX 6900 XT,1,4,2,-,2,3,2,2021/11/12 12:14,2021/11/12 12:14
37,Core i9 11900K,RTX 3080,4,4,4,-,4,4,4,2021/11/12 12:14,2021/11/12 12:14
38,Core i9 11900,RTX 3080,4,4,4,-,4,4,4,2021/11/12 12:14,2021/11/12 12:14
39,Core i9 10900K,RTX 3080,4,4,4,-,4,4,4,2021/11/12 12:14,2021/11/12 12:14
40,Core i9 10900,RTX 3080,3,4,4,-,4,4,3,2021/11/12 12:14,2021/11/12 12:14
41,Core i7 11700K,RTX 3080,3,4,4,-,4,4,3,2021/11/12 12:14,2021/11/12 12:14
42,Core i7 11700,RTX 3080,2,4,4,-,4,4,3,2021/11/12 12:14,2021/11/12 12:14
43,Core i7 10700K,RTX 3080,3,4,4,-,4,4,3,2021/11/12 12:14,2021/11/12 12:14
44,Core i7 10700,RTX 3080,2,4,4,-,4,4,3,2021/11/12 12:14,2021/11/12 12:14
45,Core i5 11400,RTX 3080,2,4,3,-,3,4,2,2021/11/12 12:14,2021/11/12 12:14
46,Core i5 10400,RTX 3080,1,4,2,-,2,2,4,2021/11/12 12:14,2021/11/12 12:14
47,Ryzen 9 5900X,RTX 3080,4,4,4,-,4,4,4,2021/11/12 12:14,2021/11/12 12:14
48,Ryzen 9 5950X,RTX 3080,4,4,4,-,4,4,4,2021/11/12 12:14,2021/11/12 12:14
49,Ryzen 7 5800X,RTX 3080,4,4,4,-,4,4,4,2021/11/12 12:14,2021/11/12 12:14
50,Ryzen 7 3700X,RTX 3080,3,4,4,-,4,4,4,2021/11/12 12:14,2021/11/12 12:14
51,Ryzen 5 5600X,RTX 3080,3,4,4,-,4,4,4,2021/11/12 12:14,2021/11/12 12:14
52,Ryzen 5 3600,RTX 3080,3,4,3,-,4,4,3,2021/11/12 12:14,2021/11/12 12:14
53,Ryzen 5 3500X,RTX 3080,1,4,2,-,3,3,2,2021/11/12 12:14,2021/11/12 12:14
54,Ryzen 5 3500,RTX 3080,1,4,2,-,2,3,2,2021/11/12 12:14,2021/11/12 12:14
55,Core i9 11900K,RX 6800 XT,4,4,4,-,4,4,4,2021/11/12 12:14,2021/11/12 12:14
56,Core i9 11900,RX 6800 XT,4,4,4,-,4,4,4,2021/11/12 12:14,2021/11/12 12:14
57,Core i9 10900K,RX 6800 XT,4,4,4,-,4,4,4,2021/11/12 12:14,2021/11/12 12:14
58,Core i9 10900,RX 6800 XT,3,4,4,-,4,4,3,2021/11/12 12:14,2021/11/12 12:14
59,Core i7 11700K,RX 6800 XT,3,4,4,-,4,4,3,2021/11/12 12:14,2021/11/12 12:14
60,Core i7 11700,RX 6800 XT,2,4,4,-,4,4,3,2021/11/12 12:14,2021/11/12 12:14
61,Core i7 10700K,RX 6800 XT,3,4,4,-,4,4,3,2021/11/12 12:14,2021/11/12 12:14
62,Core i7 10700,RX 6800 XT,2,4,4,-,4,4,3,2021/11/12 12:14,2021/11/12 12:14
63,Core i5 11400,RX 6800 XT,2,4,3,-,3,4,2,2021/11/12 12:14,2021/11/12 12:14
64,Core i5 10400,RX 6800 XT,1,4,2,-,2,2,4,2021/11/12 12:14,2021/11/12 12:14
65,Ryzen 9 5900X,RX 6800 XT,4,4,4,-,4,4,4,2021/11/12 12:14,2021/11/12 12:14
66,Ryzen 9 5950X,RX 6800 XT,4,4,4,-,4,4,4,2021/11/12 12:14,2021/11/12 12:14
67,Ryzen 7 5800X,RX 6800 XT,4,4,4,-,4,4,4,2021/11/12 12:14,2021/11/12 12:14
68,Ryzen 7 3700X,RX 6800 XT,3,4,4,-,4,4,4,2021/11/12 12:14,2021/11/12 12:14
69,Ryzen 5 5600X,RX 6800 XT,3,4,4,-,4,4,4,2021/11/12 12:14,2021/11/12 12:14
70,Ryzen 5 3600,RX 6800 XT,3,4,3,-,4,4,3,2021/11/12 12:14,2021/11/12 12:14
71,Ryzen 5 3500X,RX 6800 XT,1,4,2,-,3,3,2,2021/11/12 12:14,2021/11/12 12:14
72,Ryzen 5 3500,RX 6800 XT,1,4,2,-,2,3,2,2021/11/12 12:14,2021/11/12 12:14
73,Core i9 11900K,RTX 3070,3,4,4,-,4,4,4,2021/11/12 12:14,2021/11/12 12:14
74,Core i9 11900,RTX 3070,4,4,4,-,4,4,4,2021/11/12 12:14,2021/11/12 12:14
75,Core i9 10900K,RTX 3070,4,4,4,-,4,4,4,2021/11/12 12:14,2021/11/12 12:14
76,Core i9 10900,RTX 3070,4,4,4,-,4,4,3,2021/11/12 12:14,2021/11/12 12:14
77,Core i7 11700K,RTX 3070,4,4,4,-,4,4,3,2021/11/12 12:14,2021/11/12 12:14
78,Core i7 11700,RTX 3070,3,4,4,-,4,4,3,2021/11/12 12:14,2021/11/12 12:14
79,Core i7 10700K,RTX 3070,4,4,4,-,4,4,3,2021/11/12 12:14,2021/11/12 12:14
80,Core i7 10700,RTX 3070,3,4,4,-,4,4,3,2021/11/12 12:14,2021/11/12 12:14
81,Core i5 11400,RTX 3070,2,4,3,-,3,4,2,2021/11/12 12:14,2021/11/12 12:14
82,Core i5 10400,RTX 3070,2,4,2,-,2,2,4,2021/11/12 12:14,2021/11/12 12:14
83,Ryzen 9 5900X,RTX 3070,4,4,4,-,4,4,4,2021/11/12 12:14,2021/11/12 12:14
84,Ryzen 9 5950X,RTX 3070,4,4,4,-,4,4,4,2021/11/12 12:14,2021/11/12 12:14
85,Ryzen 7 5800X,RTX 3070,4,4,4,-,4,4,4,2021/11/12 12:14,2021/11/12 12:14
86,Ryzen 7 3700X,RTX 3070,3,4,4,-,4,4,4,2021/11/12 12:14,2021/11/12 12:14
87,Ryzen 5 5600X,RTX 3070,3,4,4,-,4,4,4,2021/11/12 12:14,2021/11/12 12:14
88,Ryzen 5 3600,RTX 3070,2,4,3,-,4,4,3,2021/11/12 12:14,2021/11/12 12:14
89,Ryzen 5 3500X,RTX 3070,1,4,2,-,3,3,2,2021/11/12 12:14,2021/11/12 12:14
90,Ryzen 5 3500,RTX 3070,1,4,2,-,2,3,2,2021/11/12 12:14,2021/11/12 12:14
91,Core i9 11900K,RTX 3060 Ti,3,4,3,-,4,4,4,2021/11/12 12:14,2021/11/12 12:14
92,Core i9 11900,RTX 3060 Ti,4,4,3,-,4,4,4,2021/11/12 12:14,2021/11/12 12:14
93,Core i9 10900K,RTX 3060 Ti,4,4,3,-,4,4,4,2021/11/12 12:14,2021/11/12 12:14
94,Core i9 10900,RTX 3060 Ti,4,4,3,-,4,4,3,2021/11/12 12:14,2021/11/12 12:14
95,Core i7 11700K,RTX 3060 Ti,4,4,3,-,4,4,3,2021/11/12 12:14,2021/11/12 12:14
96,Core i7 11700,RTX 3060 Ti,3,4,3,-,4,4,3,2021/11/12 12:14,2021/11/12 12:14
97,Core i7 10700K,RTX 3060 Ti,4,4,3,-,4,4,3,2021/11/12 12:14,2021/11/12 12:14
98,Core i7 10700,RTX 3060 Ti,3,4,3,-,4,4,3,2021/11/12 12:14,2021/11/12 12:14
99,Core i5 11400,RTX 3060 Ti,2,3,2,-,3,4,2,2021/11/12 12:14,2021/11/12 12:14
100,Core i5 10400,RTX 3060 Ti,2,3,2,-,2,2,2,2021/11/12 12:14,2021/11/12 12:14
101,Ryzen 9 5900X,RTX 3060 Ti,3,4,3,-,4,4,4,2021/11/12 12:14,2021/11/12 12:14
102,Ryzen 9 5950X,RTX 3060 Ti,4,4,3,-,4,4,4,2021/11/12 12:14,2021/11/12 12:14
103,Ryzen 7 5800X,RTX 3060 Ti,4,4,3,-,4,4,4,2021/11/12 12:14,2021/11/12 12:14
104,Ryzen 7 3700X,RTX 3060 Ti,3,4,3,-,4,4,4,2021/11/12 12:14,2021/11/12 12:14
105,Ryzen 5 5600X,RTX 3060 Ti,3,4,3,-,4,4,4,2021/11/12 12:14,2021/11/12 12:14
106,Ryzen 5 3600,RTX 3060 Ti,2,3,2,-,4,4,3,2021/11/12 12:14,2021/11/12 12:14
107,Ryzen 5 3500X,RTX 3060 Ti,2,3,2,-,3,3,2,2021/11/12 12:14,2021/11/12 12:14
108,Ryzen 5 3500,RTX 3060 Ti,2,3,2,-,2,3,2,2021/11/12 12:14,2021/11/12 12:14
109,Core i9 11900K,RX 6800,3,4,3,-,4,4,4,2021/11/12 12:14,2021/11/12 12:14
110,Core i9 11900,RX 6800,4,4,3,-,4,4,4,2021/11/12 12:14,2021/11/12 12:14
111,Core i9 10900K,RX 6800,4,4,3,-,4,4,4,2021/11/12 12:14,2021/11/12 12:14
112,Core i9 10900,RX 6800,4,4,3,-,4,4,3,2021/11/12 12:14,2021/11/12 12:14
113,Core i7 11700K,RX 6800,4,4,3,-,4,4,3,2021/11/12 12:14,2021/11/12 12:14
114,Core i7 11700,RX 6800,3,4,3,-,4,4,3,2021/11/12 12:14,2021/11/12 12:14
115,Core i7 10700K,RX 6800,4,4,3,-,4,4,3,2021/11/12 12:14,2021/11/12 12:14
116,Core i7 10700,RX 6800,3,4,3,-,4,4,3,2021/11/12 12:14,2021/11/12 12:14
117,Core i5 11400,RX 6800,2,3,2,-,3,4,2,2021/11/12 12:14,2021/11/12 12:14
118,Core i5 10400,RX 6800,2,3,2,-,2,2,2,2021/11/12 12:14,2021/11/12 12:14
119,Ryzen 9 5900X,RX 6800,3,4,3,-,4,4,4,2021/11/12 12:14,2021/11/12 12:14
120,Ryzen 9 5950X,RX 6800,4,4,3,-,4,4,4,2021/11/12 12:14,2021/11/12 12:14
121,Ryzen 7 5800X,RX 6800,4,4,3,-,4,4,4,2021/11/12 12:14,2021/11/12 12:14
122,Ryzen 7 3700X,RX 6800,3,4,3,-,4,4,4,2021/11/12 12:14,2021/11/12 12:14
123,Ryzen 5 5600X,RX 6800,3,4,3,-,4,4,4,2021/11/12 12:14,2021/11/12 12:14
124,Ryzen 5 3600,RX 6800,2,3,2,-,4,4,3,2021/11/12 12:14,2021/11/12 12:14
125,Ryzen 5 3500X,RX 6800,2,3,2,-,3,3,2,2021/11/12 12:14,2021/11/12 12:14
126,Ryzen 5 3500,RX 6800,2,3,2,-,2,3,2,2021/11/12 12:14,2021/11/12 12:14
127,Core i9 11900K,RTX 3060,3,4,3,-,4,4,4,2021/11/12 12:14,2021/11/12 12:14
128,Core i9 11900,RTX 3060,3,4,3,-,4,4,4,2021/11/12 12:14,2021/11/12 12:14
129,Core i9 10900K,RTX 3060,3,4,3,-,4,4,4,2021/11/12 12:14,2021/11/12 12:14
130,Core i9 10900,RTX 3060,3,4,3,-,4,4,3,2021/11/12 12:14,2021/11/12 12:14
131,Core i7 11700K,RTX 3060,4,4,3,-,4,4,3,2021/11/12 12:14,2021/11/12 12:14
132,Core i7 11700,RTX 3060,4,4,3,-,4,4,3,2021/11/12 12:14,2021/11/12 12:14
133,Core i7 10700K,RTX 3060,4,4,3,-,4,4,3,2021/11/12 12:14,2021/11/12 12:14
134,Core i7 10700,RTX 3060,4,4,2,-,4,4,3,2021/11/12 12:14,2021/11/12 12:14
135,Core i5 11400,RTX 3060,3,3,2,-,3,4,2,2021/11/12 12:14,2021/11/12 12:14
136,Core i5 10400,RTX 3060,3,3,1,-,2,2,2,2021/11/12 12:14,2021/11/12 12:14
137,Ryzen 9 5900X,RTX 3060,3,4,3,-,4,4,4,2021/11/12 12:14,2021/11/12 12:14
138,Ryzen 9 5950X,RTX 3060,3,4,3,-,4,4,4,2021/11/12 12:14,2021/11/12 12:14
139,Ryzen 7 5800X,RTX 3060,4,4,3,-,4,4,4,2021/11/12 12:14,2021/11/12 12:14
140,Ryzen 7 3700X,RTX 3060,4,4,3,-,4,4,4,2021/11/12 12:14,2021/11/12 12:14
141,Ryzen 5 5600X,RTX 3060,4,4,3,-,4,4,4,2021/11/12 12:14,2021/11/12 12:14
142,Ryzen 5 3600,RTX 3060,3,3,2,-,4,4,3,2021/11/12 12:14,2021/11/12 12:14
143,Ryzen 5 3500X,RTX 3060,3,3,1,-,3,3,2,2021/11/12 12:14,2021/11/12 12:14
144,Ryzen 5 3500,RTX 3060,3,3,1,-,2,3,2,2021/11/12 12:14,2021/11/12 12:14
145,Core i9 11900K,RX 5700 XT,3,4,3,-,4,4,4,2021/11/12 12:14,2021/11/12 12:14
146,Core i9 11900,RX 5700 XT,3,4,3,-,4,4,4,2021/11/12 12:14,2021/11/12 12:14
147,Core i9 10900K,RX 5700 XT,3,4,3,-,4,4,4,2021/11/12 12:14,2021/11/12 12:14
148,Core i9 10900,RX 5700 XT,3,4,3,-,4,4,3,2021/11/12 12:14,2021/11/12 12:14
149,Core i7 11700K,RX 5700 XT,4,4,3,-,4,4,3,2021/11/12 12:14,2021/11/12 12:14
150,Core i7 11700,RX 5700 XT,4,4,3,-,4,4,3,2021/11/12 12:14,2021/11/12 12:14
151,Core i7 10700K,RX 5700 XT,4,4,3,-,4,4,3,2021/11/12 12:14,2021/11/12 12:14
152,Core i7 10700,RX 5700 XT,4,4,2,-,4,4,3,2021/11/12 12:14,2021/11/12 12:14
153,Core i5 11400,RX 5700 XT,3,3,2,-,3,4,2,2021/11/12 12:14,2021/11/12 12:14
154,Core i5 10400,RX 5700 XT,3,3,1,-,2,2,2,2021/11/12 12:14,2021/11/12 12:14
155,Ryzen 9 5900X,RX 5700 XT,3,4,3,-,4,4,4,2021/11/12 12:14,2021/11/12 12:14
156,Ryzen 9 5950X,RX 5700 XT,3,4,3,-,4,4,4,2021/11/12 12:14,2021/11/12 12:14
157,Ryzen 7 5800X,RX 5700 XT,4,4,3,-,4,4,4,2021/11/12 12:14,2021/11/12 12:14
158,Ryzen 7 3700X,RX 5700 XT,4,4,3,-,4,4,4,2021/11/12 12:14,2021/11/12 12:14
159,Ryzen 5 5600X,RX 5700 XT,4,4,3,-,4,4,4,2021/11/12 12:14,2021/11/12 12:14
160,Ryzen 5 3600,RX 5700 XT,3,3,2,-,4,4,3,2021/11/12 12:14,2021/11/12 12:14
161,Ryzen 5 3500X,RX 5700 XT,3,3,1,-,3,3,2,2021/11/12 12:14,2021/11/12 12:14
162,Ryzen 5 3500,RX 5700 XT,3,3,1,-,2,3,2,2021/11/12 12:14,2021/11/12 12:14
163,Core i9 11900K,GTX 1660 Super,2,2,1,-,4,4,4,2021/11/12 12:14,2021/11/12 12:14
164,Core i9 11900,GTX 1660 Super,2,2,1,-,4,4,4,2021/11/12 12:14,2021/11/12 12:14
165,Core i9 10900K,GTX 1660 Super,2,2,1,-,4,4,4,2021/11/12 12:14,2021/11/12 12:14
166,Core i9 10900,GTX 1660 Super,2,2,1,-,4,4,3,2021/11/12 12:14,2021/11/12 12:14
167,Core i7 11700K,GTX 1660 Super,2,2,1,-,4,4,3,2021/11/12 12:14,2021/11/12 12:14
168,Core i7 11700,GTX 1660 Super,3,2,1,-,4,4,3,2021/11/12 12:14,2021/11/12 12:14
169,Core i7 10700K,GTX 1660 Super,3,2,1,-,4,4,3,2021/11/12 12:14,2021/11/12 12:14
170,Core i7 10700,GTX 1660 Super,4,2,1,-,4,4,3,2021/11/12 12:14,2021/11/12 12:14
171,Core i5 11400,GTX 1660 Super,4,2,1,-,3,4,2,2021/11/12 12:14,2021/11/12 12:14
172,Core i5 10400,GTX 1660 Super,4,1,1,-,2,2,2,2021/11/12 12:14,2021/11/12 12:14
173,Ryzen 9 5900X,GTX 1660 Super,2,2,1,-,4,4,4,2021/11/12 12:14,2021/11/12 12:14
174,Ryzen 9 5950X,GTX 1660 Super,2,2,1,-,4,4,4,2021/11/12 12:14,2021/11/12 12:14
175,Ryzen 7 5800X,GTX 1660 Super,3,2,1,-,4,4,4,2021/11/12 12:14,2021/11/12 12:14
176,Ryzen 7 3700X,GTX 1660 Super,3,2,1,-,4,4,4,2021/11/12 12:14,2021/11/12 12:14
177,Ryzen 5 5600X,GTX 1660 Super,3,2,1,-,4,4,4,2021/11/12 12:14,2021/11/12 12:14
178,Ryzen 5 3600,GTX 1660 Super,4,2,1,-,4,4,3,2021/11/12 12:14,2021/11/12 12:14
179,Ryzen 5 3500X,GTX 1660 Super,4,1,1,-,3,3,2,2021/11/12 12:14,2021/11/12 12:14
180,Ryzen 5 3500,GTX 1660 Super,3,1,1,-,2,3,2,2021/11/12 12:14,2021/11/12 12:14
181,Core i9 11900K,GTX 1650 Super,1,2,1,-,4,4,4,2021/11/12 12:14,2021/11/12 12:14
182,Core i9 11900,GTX 1650 Super,1,2,1,-,4,4,4,2021/11/12 12:14,2021/11/12 12:14
183,Core i9 10900K,GTX 1650 Super,1,2,1,-,4,4,4,2021/11/12 12:14,2021/11/12 12:14
184,Core i9 10900,GTX 1650 Super,1,2,1,-,4,4,3,2021/11/12 12:14,2021/11/12 12:14
185,Core i7 11700K,GTX 1650 Super,1,2,1,-,4,4,3,2021/11/12 12:14,2021/11/12 12:14
186,Core i7 11700,GTX 1650 Super,2,2,1,-,4,4,3,2021/11/12 12:14,2021/11/12 12:14
187,Core i7 10700K,GTX 1650 Super,2,2,1,-,4,4,3,2021/11/12 12:14,2021/11/12 12:14
188,Core i7 10700,GTX 1650 Super,3,2,1,-,4,4,3,2021/11/12 12:14,2021/11/12 12:14
189,Core i5 11400,GTX 1650 Super,4,1,1,-,3,4,2,2021/11/12 12:14,2021/11/12 12:14
190,Core i5 10400,GTX 1650 Super,4,1,1,-,2,2,2,2021/11/12 12:14,2021/11/12 12:14
191,Ryzen 9 5900X,GTX 1650 Super,1,2,1,-,4,4,4,2021/11/12 12:14,2021/11/12 12:14
192,Ryzen 9 5950X,GTX 1650 Super,1,2,1,-,4,4,4,2021/11/12 12:14,2021/11/12 12:14
193,Ryzen 7 5800X,GTX 1650 Super,2,2,1,-,4,4,4,2021/11/12 12:14,2021/11/12 12:14
194,Ryzen 7 3700X,GTX 1650 Super,3,2,1,-,4,4,4,2021/11/12 12:14,2021/11/12 12:14
195,Ryzen 5 5600X,GTX 1650 Super,3,2,1,-,4,4,4,2021/11/12 12:14,2021/11/12 12:14
196,Ryzen 5 3600,GTX 1650 Super,4,1,1,-,4,4,3,2021/11/12 12:14,2021/11/12 12:14
197,Ryzen 5 3500X,GTX 1650 Super,4,1,1,-,3,3,2,2021/11/12 12:14,2021/11/12 12:14
198,Ryzen 5 3500,GTX 1650 Super,4,1,1,-,2,3,2,2021/11/12 12:14,2021/11/12 12:14
199,Core i9 11900K,GTX 1650,1,1,1,-,4,4,4,2021/11/12 12:14,2021/11/12 12:14
200,Core i9 11900,GTX 1650,1,1,1,-,4,4,4,2021/11/12 12:14,2021/11/12 12:14
201,Core i9 10900K,GTX 1650,1,1,1,-,4,4,4,2021/11/12 12:14,2021/11/12 12:14
202,Core i9 10900,GTX 1650,1,1,1,-,4,4,3,2021/11/12 12:14,2021/11/12 12:14
203,Core i7 11700K,GTX 1650,1,1,1,-,4,4,3,2021/11/12 12:14,2021/11/12 12:14
204,Core i7 11700,GTX 1650,2,1,1,-,4,4,3,2021/11/12 12:14,2021/11/12 12:14
205,Core i7 10700K,GTX 1650,2,1,1,-,4,4,3,2021/11/12 12:14,2021/11/12 12:14
206,Core i7 10700,GTX 1650,3,1,1,-,4,4,3,2021/11/12 12:14,2021/11/12 12:14
207,Core i5 11400,GTX 1650,4,1,1,-,3,4,2,2021/11/12 12:14,2021/11/12 12:14
208,Core i5 10400,GTX 1650,4,1,1,-,2,2,2,2021/11/12 12:14,2021/11/12 12:14
209,Ryzen 9 5900X,GTX 1650,1,1,1,-,4,4,4,2021/11/12 12:14,2021/11/12 12:14
210,Ryzen 9 5950X,GTX 1650,1,1,1,-,4,4,4,2021/11/12 12:14,2021/11/12 12:14
211,Ryzen 7 5800X,GTX 1650,2,1,1,-,4,4,4,2021/11/12 12:14,2021/11/12 12:14
212,Ryzen 7 3700X,GTX 1650,3,1,1,-,4,4,4,2021/11/12 12:14,2021/11/12 12:14
213,Ryzen 5 5600X,GTX 1650,3,1,1,-,4,4,4,2021/11/12 12:14,2021/11/12 12:14
214,Ryzen 5 3600,GTX 1650,4,1,1,-,4,4,3,2021/11/12 12:14,2021/11/12 12:14
215,Ryzen 5 3500X,GTX 1650,4,1,1,-,3,3,2,2021/11/12 12:14,2021/11/12 12:14
216,Ryzen 5 3500,GTX 1650,4,1,1,-,2,3,2,2021/11/12 12:14,2021/11/12 12:14
217,Core i9 10900K,RTX 2080 Ti,4,-,4,S+,4,-,-,2021/11/12 12:14,2021/11/12 12:14
218,Core i9 10900K,RTX 2080 Super,4,-,4,S,4,-,-,2021/11/12 12:14,2021/11/12 12:14
219,Core i9 10900K,RTX 2080,3,-,3,A+,4,-,-,2021/11/12 12:14,2021/11/12 12:14
220,Core i9 10900K,RTX 2070 Super,3,-,3,A+,4,-,-,2021/11/12 12:14,2021/11/12 12:14
221,Core i9 10900K,RTX 2070,2,-,2,A,4,-,-,2021/11/12 12:14,2021/11/12 12:14
222,Core i9 10900K,RTX 2060 Super,2,-,2,A,4,-,-,2021/11/12 12:14,2021/11/12 12:14
223,Core i9 10900K,RTX 2060,1,-,1,B+,3,-,-,2021/11/12 12:14,2021/11/12 12:14
224,Core i9 10900K,GTX 1660 Ti,1,-,1,B,3,-,-,2021/11/12 12:14,2021/11/12 12:14
225,Core i9 10900K,GTX 1660 Super,1,-,1,B,3,-,-,2021/11/12 12:14,2021/11/12 12:14
226,Core i9 10900K,GTX 1660,1,-,1,B-,3,-,-,2021/11/12 12:14,2021/11/12 12:14
227,Core i9 10900K,GTX 1650 Super,1,-,1,C+,2,-,-,2021/11/12 12:14,2021/11/12 12:14
228,Core i9 10900K,GTX 1650,1,-,1,C+,2,-,-,2021/11/12 12:14,2021/11/12 12:14
229,Core i7 10700K,RTX 2080 Ti,4,-,4,S,4,-,-,2021/11/12 12:14,2021/11/12 12:14
230,Core i7 10700K,RTX 2080 Super,4,-,4,S-,4,-,-,2021/11/12 12:14,2021/11/12 12:14
231,Core i7 10700K,RTX 2080,4,-,3,A+,4,-,-,2021/11/12 12:14,2021/11/12 12:14
232,Core i7 10700K,RTX 2070 Super,4,-,3,A+,4,-,-,2021/11/12 12:14,2021/11/12 12:14
233,Core i7 10700K,RTX 2070,3,-,2,A,4,-,-,2021/11/12 12:14,2021/11/12 12:14
234,Core i7 10700K,RTX 2060 Super,3,-,2,A,4,-,-,2021/11/12 12:14,2021/11/12 12:14
235,Core i7 10700K,RTX 2060,2,-,1,B+,3,-,-,2021/11/12 12:14,2021/11/12 12:14
236,Core i7 10700K,GTX 1660 Ti,2,-,1,B,3,-,-,2021/11/12 12:14,2021/11/12 12:14
237,Core i7 10700K,GTX 1660 Super,2,-,1,B,3,-,-,2021/11/12 12:14,2021/11/12 12:14
238,Core i7 10700K,GTX 1660,1,-,1,B-,3,-,-,2021/11/12 12:14,2021/11/12 12:14
239,Core i7 10700K,GTX 1650 Super,1,-,1,C+,2,-,-,2021/11/12 12:14,2021/11/12 12:14
240,Core i7 10700K,GTX 1650,1,-,1,C+,2,-,-,2021/11/12 12:14,2021/11/12 12:14
241,Core i7 10700,RTX 2080 Ti,3,-,4,S-,4,-,-,2021/11/12 12:14,2021/11/12 12:14
242,Core i7 10700,RTX 2080 Super,3,-,4,A+,4,-,-,2021/11/12 12:14,2021/11/12 12:14
243,Core i7 10700,RTX 2080,4,-,3,A,4,-,-,2021/11/12 12:14,2021/11/12 12:14
244,Core i7 10700,RTX 2070 Super,4,-,3,A,4,-,-,2021/11/12 12:14,2021/11/12 12:14
245,Core i7 10700,RTX 2070,4,-,2,A-,4,-,-,2021/11/12 12:14,2021/11/12 12:14
246,Core i7 10700,RTX 2060 Super,4,-,2,A-,4,-,-,2021/11/12 12:14,2021/11/12 12:14
247,Core i7 10700,RTX 2060,3,-,1,B+,3,-,-,2021/11/12 12:14,2021/11/12 12:14
248,Core i7 10700,GTX 1660 Ti,3,-,1,B,3,-,-,2021/11/12 12:14,2021/11/12 12:14
249,Core i7 10700,GTX 1660 Super,3,-,1,B,3,-,-,2021/11/12 12:14,2021/11/12 12:14
250,Core i7 10700,GTX 1660,2,-,1,B-,3,-,-,2021/11/12 12:14,2021/11/12 12:14
251,Core i7 10700,GTX 1650 Super,2,-,1,C+,2,-,-,2021/11/12 12:14,2021/11/12 12:14
252,Core i7 10700,GTX 1650,1,-,1,C+,2,-,-,2021/11/12 12:14,2021/11/12 12:14
253,Core i5 10400,RTX 2080 Ti,1,-,2,A,3,-,-,2021/11/12 12:14,2021/11/12 12:14
254,Core i5 10400,RTX 2080 Super,1,-,2,A,3,-,-,2021/11/12 12:14,2021/11/12 12:14
255,Core i5 10400,RTX 2080,1,-,2,A-,3,-,-,2021/11/12 12:14,2021/11/12 12:14
256,Core i5 10400,RTX 2070 Super,2,-,1,A-,3,-,-,2021/11/12 12:14,2021/11/12 12:14
257,Core i5 10400,RTX 2070,2,-,1,B+,3,-,-,2021/11/12 12:14,2021/11/12 12:14
258,Core i5 10400,RTX 2060 Super,3,-,1,B+,3,-,-,2021/11/12 12:14,2021/11/12 12:14
259,Core i5 10400,RTX 2060,4,-,1,B,3,-,-,2021/11/12 12:14,2021/11/12 12:14
260,Core i5 10400,GTX 1660 Ti,4,-,1,B-,3,-,-,2021/11/12 12:14,2021/11/12 12:14
261,Core i5 10400,GTX 1660 Super,4,-,1,B-,3,-,-,2021/11/12 12:14,2021/11/12 12:14
262,Core i5 10400,GTX 1660,4,-,1,C+,2,-,-,2021/11/12 12:14,2021/11/12 12:14
263,Core i5 10400,GTX 1650 Super,4,-,1,C+,2,-,-,2021/11/12 12:14,2021/11/12 12:14
264,Core i5 10400,GTX 1650,4,-,1,C,2,-,-,2021/11/12 12:14,2021/11/12 12:14
265,Ryzen 9 3900X,RTX 2080 Ti,3,-,4,A+,4,-,-,2021/11/12 12:14,2021/11/12 12:14
266,Ryzen 9 3900X,RTX 2080 Super,4,-,4,A,4,-,-,2021/11/12 12:14,2021/11/12 12:14
267,Ryzen 9 3900X,RTX 2080,4,-,3,A-,4,-,-,2021/11/12 12:14,2021/11/12 12:14
268,Ryzen 9 3900X,RTX 2070 Super,4,-,3,A-,4,-,-,2021/11/12 12:14,2021/11/12 12:14
269,Ryzen 9 3900X,RTX 2070,3,-,3,A-,4,-,-,2021/11/12 12:14,2021/11/12 12:14
270,Ryzen 9 3900X,RTX 2060 Super,2,-,2,B+,4,-,-,2021/11/12 12:14,2021/11/12 12:14
271,Ryzen 9 3900X,RTX 2060,2,-,2,B+,4,-,-,2021/11/12 12:14,2021/11/12 12:14
272,Ryzen 9 3900X,GTX 1660 Ti,2,-,1,B,4,-,-,2021/11/12 12:14,2021/11/12 12:14
273,Ryzen 9 3900X,GTX 1660 Super,2,-,1,B,3,-,-,2021/11/12 12:14,2021/11/12 12:14
274,Ryzen 9 3900X,GTX 1660,1,-,1,B-,3,-,-,2021/11/12 12:14,2021/11/12 12:14
275,Ryzen 9 3900X,GTX 1650 Super,1,-,1,C+,3,-,-,2021/11/12 12:14,2021/11/12 12:14
276,Ryzen 9 3900X,GTX 1650,1,-,1,C+,2,-,-,2021/11/12 12:14,2021/11/12 12:14
277,Ryzen 7 3700X,RTX 2080 Ti,2,-,4,A+,4,-,-,2021/11/12 12:14,2021/11/12 12:14
278,Ryzen 7 3700X,RTX 2080 Super,3,-,4,A,4,-,-,2021/11/12 12:14,2021/11/12 12:14
279,Ryzen 7 3700X,RTX 2080,3,-,3,A-,4,-,-,2021/11/12 12:14,2021/11/12 12:14
280,Ryzen 7 3700X,RTX 2070 Super,4,-,3,A-,4,-,-,2021/11/12 12:14,2021/11/12 12:14
281,Ryzen 7 3700X,RTX 2070,4,-,2,A-,4,-,-,2021/11/12 12:14,2021/11/12 12:14
282,Ryzen 7 3700X,RTX 2060 Super,4,-,2,B+,4,-,-,2021/11/12 12:14,2021/11/12 12:14
283,Ryzen 7 3700X,RTX 2060,4,-,2,B+,4,-,-,2021/11/12 12:14,2021/11/12 12:14
284,Ryzen 7 3700X,GTX 1660 Ti,3,-,1,B,4,-,-,2021/11/12 12:14,2021/11/12 12:14
285,Ryzen 7 3700X,GTX 1660 Super,3,-,1,B,3,-,-,2021/11/12 12:14,2021/11/12 12:14
286,Ryzen 7 3700X,GTX 1660,3,-,1,B-,3,-,-,2021/11/12 12:14,2021/11/12 12:14
287,Ryzen 7 3700X,GTX 1650 Super,2,-,1,C+,3,-,-,2021/11/12 12:14,2021/11/12 12:14
288,Ryzen 7 3700X,GTX 1650,1,-,1,C+,2,-,-,2021/11/12 12:14,2021/11/12 12:14
289,Ryzen 5 3600,RTX 2080 Ti,1,-,2,A-,4,-,-,2021/11/12 12:14,2021/11/12 12:14
290,Ryzen 5 3600,RTX 2080 Super,1,-,2,A-,4,-,-,2021/11/12 12:14,2021/11/12 12:14
291,Ryzen 5 3600,RTX 2080,1,-,2,B+,4,-,-,2021/11/12 12:14,2021/11/12 12:14
292,Ryzen 5 3600,RTX 2070 Super,2,-,2,B+,4,-,-,2021/11/12 12:14,2021/11/12 12:14
293,Ryzen 5 3600,RTX 2070,2,-,1,B,3,-,-,2021/11/12 12:14,2021/11/12 12:14
294,Ryzen 5 3600,RTX 2060 Super,2,-,1,B,3,-,-,2021/11/12 12:14,2021/11/12 12:14
295,Ryzen 5 3600,RTX 2060,3,-,1,B-,3,-,-,2021/11/12 12:14,2021/11/12 12:14
296,Ryzen 5 3600,GTX 1660 Ti,4,-,1,B-,3,-,-,2021/11/12 12:14,2021/11/12 12:14
297,Ryzen 5 3600,GTX 1660 Super,4,-,1,B-,3,-,-,2021/11/12 12:14,2021/11/12 12:14
298,Ryzen 5 3600,GTX 1660,4,-,1,C+,3,-,-,2021/11/12 12:14,2021/11/12 12:14
299,Ryzen 5 3600,GTX 1650 Super,4,-,1,C+,2,-,-,2021/11/12 12:14,2021/11/12 12:14
300,Ryzen 5 3600,GTX 1650,3,-,1,C-,2,-,-,2021/11/12 12:14,2021/11/12 12:14
301,Ryzen 5 3500,RTX 2080 Ti,1,-,2,A-,4,-,-,2021/11/12 12:14,2021/11/12 12:14
302,Ryzen 5 3500,RTX 2080 Super,1,-,2,A-,4,-,-,2021/11/12 12:14,2021/11/12 12:14
303,Ryzen 5 3500,RTX 2080,1,-,2,B+,4,-,-,2021/11/12 12:14,2021/11/12 12:14
304,Ryzen 5 3500,RTX 2070 Super,1,-,1,B+,4,-,-,2021/11/12 12:14,2021/11/12 12:14
305,Ryzen 5 3500,RTX 2070,2,-,1,B,3,-,-,2021/11/12 12:14,2021/11/12 12:14
306,Ryzen 5 3500,RTX 2060 Super,2,-,1,B,3,-,-,2021/11/12 12:14,2021/11/12 12:14
307,Ryzen 5 3500,RTX 2060,3,-,1,B-,3,-,-,2021/11/12 12:14,2021/11/12 12:14
308,Ryzen 5 3500,GTX 1660 Ti,3,-,1,B-,3,-,-,2021/11/12 12:14,2021/11/12 12:14
309,Ryzen 5 3500,GTX 1660 Super,3,-,1,B-,3,-,-,2021/11/12 12:14,2021/11/12 12:14
310,Ryzen 5 3500,GTX 1660,4,-,1,C+,2,-,-,2021/11/12 12:14,2021/11/12 12:14
311,Ryzen 5 3500,GTX 1650 Super,4,-,1,C,2,-,-,2021/11/12 12:14,2021/11/12 12:14
312,Ryzen 5 3500,GTX 1650,1,-,1,C-,2,-,-,2021/11/12 12:14,2021/11/12 12:14
313,Core i9 9900K,RTX 2080 Ti,4,-,4,S,4,-,-,2021/11/12 12:14,2021/11/12 12:14
314,Core i9 9900K,RTX 2080 Super,4,-,4,A+,4,-,-,2021/11/12 12:14,2021/11/12 12:14
315,Core i9 9900K,RTX 2080,4,-,3,A,4,-,-,2021/11/12 12:14,2021/11/12 12:14
316,Core i9 9900K,RTX 2070 Super,3,-,3,A,4,-,-,2021/11/12 12:14,2021/11/12 12:14
317,Core i9 9900K,RTX 2070,3,-,2,A-,4,-,-,2021/11/12 12:14,2021/11/12 12:14
318,Core i9 9900K,RTX 2060 Super,2,-,2,A-,4,-,-,2021/11/12 12:14,2021/11/12 12:14
319,Core i9 9900K,RTX 2060,2,-,2,B+,4,-,-,2021/11/12 12:14,2021/11/12 12:14
320,Core i9 9900K,GTX 1660 Ti,1,-,1,B,4,-,-,2021/11/12 12:14,2021/11/12 12:14
321,Core i9 9900K,GTX 1660 Super,1,-,1,B,4,-,-,2021/11/12 12:14,2021/11/12 12:14
322,Core i9 9900K,GTX 1660,1,-,1,B-,4,-,-,2021/11/12 12:14,2021/11/12 12:14
323,Core i9 9900K,GTX 1650 Super,1,-,1,C+,4,-,-,2021/11/12 12:14,2021/11/12 12:14
324,Core i9 9900K,GTX 1650,1,-,1,C+,4,-,-,2021/11/12 12:14,2021/11/12 12:14
325,Core i7 9700K,RTX 2080 Ti,3,-,4,A+,4,-,-,2021/11/12 12:14,2021/11/12 12:14
326,Core i7 9700K,RTX 2080 Super,3,-,4,A+,4,-,-,2021/11/12 12:14,2021/11/12 12:14
327,Core i7 9700K,RTX 2080,3,-,3,A,4,-,-,2021/11/12 12:14,2021/11/12 12:14
328,Core i7 9700K,RTX 2070 Super,3,-,3,A,3,-,-,2021/11/12 12:14,2021/11/12 12:14
329,Core i7 9700K,RTX 2070,4,-,2,B+,3,-,-,2021/11/12 12:14,2021/11/12 12:14
330,Core i7 9700K,RTX 2060 Super,4,-,2,B+,3,-,-,2021/11/12 12:14,2021/11/12 12:14
331,Core i7 9700K,RTX 2060,4,-,1,B,3,-,-,2021/11/12 12:14,2021/11/12 12:14
332,Core i7 9700K,GTX 1660 Ti,3,-,1,B,3,-,-,2021/11/12 12:14,2021/11/12 12:14
333,Core i7 9700K,GTX 1660 Super,3,-,1,B,3,-,-,2021/11/12 12:14,2021/11/12 12:14
334,Core i7 9700K,GTX 1660,2,-,1,B-,3,-,-,2021/11/12 12:14,2021/11/12 12:14
335,Core i7 9700K,GTX 1650 Super,2,-,1,C+,3,-,-,2021/11/12 12:14,2021/11/12 12:14
336,Core i7 9700K,GTX 1650,1,-,1,C+,3,-,-,2021/11/12 12:14,2021/11/12 12:14
337,Core i7 9700,RTX 2080 Ti,2,-,3,A+,3,-,-,2021/11/12 12:14,2021/11/12 12:14
338,Core i7 9700,RTX 2080 Super,2,-,3,A,3,-,-,2021/11/12 12:14,2021/11/12 12:14
339,Core i7 9700,RTX 2080,3,-,2,A,3,-,-,2021/11/12 12:14,2021/11/12 12:14
340,Core i7 9700,RTX 2070 Super,3,-,2,A,3,-,-,2021/11/12 12:14,2021/11/12 12:14
341,Core i7 9700,RTX 2070,4,-,2,B+,3,-,-,2021/11/12 12:14,2021/11/12 12:14
342,Core i7 9700,RTX 2060 Super,4,-,1,B+,3,-,-,2021/11/12 12:14,2021/11/12 12:14
343,Core i7 9700,RTX 2060,4,-,1,B,3,-,-,2021/11/12 12:14,2021/11/12 12:14
344,Core i7 9700,GTX 1660 Ti,4,-,1,B,3,-,-,2021/11/12 12:14,2021/11/12 12:14
345,Core i7 9700,GTX 1660 Super,4,-,1,B,3,-,-,2021/11/12 12:14,2021/11/12 12:14
346,Core i7 9700,GTX 1660,3,-,1,B-,2,-,-,2021/11/12 12:14,2021/11/12 12:14
347,Core i7 9700,GTX 1650 Super,3,-,1,C+,2,-,-,2021/11/12 12:14,2021/11/12 12:14
348,Core i7 9700,GTX 1650,3,-,1,C+,2,-,-,2021/11/12 12:14,2021/11/12 12:14
349,Core i5 9400,RTX 2080 Ti,1,-,2,A-,2,-,-,2021/11/12 12:14,2021/11/12 12:14
350,Core i5 9400,RTX 2080 Super,1,-,2,B+,2,-,-,2021/11/12 12:14,2021/11/12 12:14
351,Core i5 9400,RTX 2080,1,-,1,B+,2,-,-,2021/11/12 12:14,2021/11/12 12:14
352,Core i5 9400,RTX 2070 Super,1,-,1,B+,2,-,-,2021/11/12 12:14,2021/11/12 12:14
353,Core i5 9400,RTX 2070,1,-,1,B,2,-,-,2021/11/12 12:14,2021/11/12 12:14
354,Core i5 9400,RTX 2060 Super,1,-,1,B,2,-,-,2021/11/12 12:14,2021/11/12 12:14
355,Core i5 9400,RTX 2060,2,-,1,B-,2,-,-,2021/11/12 12:14,2021/11/12 12:14
356,Core i5 9400,GTX 1660 Ti,2,-,1,B-,2,-,-,2021/11/12 12:14,2021/11/12 12:14
357,Core i5 9400,GTX 1660 Super,3,-,1,B-,2,-,-,2021/11/12 12:14,2021/11/12 12:14
358,Core i5 9400,GTX 1660,3,-,1,C+,2,-,-,2021/11/12 12:14,2021/11/12 12:14
359,Core i5 9400,GTX 1650 Super,4,-,1,C+,1,-,-,2021/11/12 12:14,2021/11/12 12:14
360,Core i5 9400,GTX 1650,4,-,1,C,1,-,-,2021/11/12 12:14,2021/11/12 12:14
361,Core i9 9900K,GTX 1080 Ti,3,-,3,A+,3,-,-,2021/11/12 12:14,2021/11/12 12:14
362,Core i9 9900K,GTX 1080 ,3,-,3,A,3,-,-,2021/11/12 12:14,2021/11/12 12:14
363,Core i9 9900K,GTX 1070 Ti,2,-,2,A,3,-,-,2021/11/12 12:14,2021/11/12 12:14
364,Core i9 9900K,GTX 1070,2,-,2,A-,3,-,-,2021/11/12 12:14,2021/11/12 12:14
365,Core i9 9900K,GTX 1060 6GB,1,-,1,B+,3,-,-,2021/11/12 12:14,2021/11/12 12:14
366,Core i9 9900K,GTX 1060 3GB,1,-,1,B+,3,-,-,2021/11/12 12:14,2021/11/12 12:14
367,Core i9 9900K,GTX 1050 Ti,1,-,1,B,2,-,-,2021/11/12 12:14,2021/11/12 12:14
368,Core i9 9900K,GTX 1050,1,-,1,B,2,-,-,2021/11/12 12:14,2021/11/12 12:14
369,Core i7 9700K,GTX 1080 Ti,3,-,3,A+,3,-,-,2021/11/12 12:14,2021/11/12 12:14
370,Core i7 9700K,GTX 1080 ,3,-,3,A,3,-,-,2021/11/12 12:14,2021/11/12 12:14
371,Core i7 9700K,GTX 1070 Ti,2,-,2,A,3,-,-,2021/11/12 12:14,2021/11/12 12:14
372,Core i7 9700K,GTX 1070,2,-,2,A-,3,-,-,2021/11/12 12:14,2021/11/12 12:14
373,Core i7 9700K,GTX 1060 6GB,1,-,1,B+,3,-,-,2021/11/12 12:14,2021/11/12 12:14
374,Core i7 9700K,GTX 1060 3GB,1,-,1,B+,3,-,-,2021/11/12 12:14,2021/11/12 12:14
375,Core i7 9700K,GTX 1050 Ti,1,-,1,B,2,-,-,2021/11/12 12:14,2021/11/12 12:14
376,Core i7 9700K,GTX 1050,1,-,1,B,2,-,-,2021/11/12 12:14,2021/11/12 12:14
377,Core i5 9600K,GTX 1080 Ti,2,-,2,A,3,-,-,2021/11/12 12:14,2021/11/12 12:14
378,Core i5 9600K,GTX 1080 ,2,-,2,A,3,-,-,2021/11/12 12:14,2021/11/12 12:14
379,Core i5 9600K,GTX 1070 Ti,2,-,2,A,3,-,-,2021/11/12 12:14,2021/11/12 12:14
380,Core i5 9600K,GTX 1070,2,-,1,A,3,-,-,2021/11/12 12:14,2021/11/12 12:14
381,Core i5 9600K,GTX 1060 6GB,3,-,1,A-,3,-,-,2021/11/12 12:14,2021/11/12 12:14
382,Core i5 9600K,GTX 1060 3GB,3,-,1,A-,3,-,-,2021/11/12 12:14,2021/11/12 12:14
383,Core i5 9600K,GTX 1050 Ti,3,-,1,B+,2,-,-,2021/11/12 12:14,2021/11/12 12:14
384,Core i5 9600K,GTX 1050,3,-,1,B+,2,-,-,2021/11/12 12:14,2021/11/12 12:14
385,Core i7 8700K,RTX 2080 Ti,2,-,3,A+,3,-,-,2021/11/12 12:14,2021/11/12 12:14
386,Core i7 8700K,RTX 2080,2,-,3,A,3,-,-,2021/11/12 12:14,2021/11/12 12:14
387,Core i7 8700K,RTX 2070,3,-,3,A,3,-,-,2021/11/12 12:14,2021/11/12 12:14
388,Core i7 8700K,RTX 2060,3,-,2,A-,3,-,-,2021/11/12 12:14,2021/11/12 12:14
389,Core i7 8700K,GTX 1080 Ti,2,-,3,A,3,-,-,2021/11/12 12:14,2021/11/12 12:14
390,Core i7 8700K,GTX 1080 ,3,-,3,A,3,-,-,2021/11/12 12:14,2021/11/12 12:14
391,Core i7 8700K,GTX 1070 Ti,3,-,2,A,3,-,-,2021/11/12 12:14,2021/11/12 12:14
392,Core i7 8700K,GTX 1070,3,-,1,A,3,-,-,2021/11/12 12:14,2021/11/12 12:14
393,Core i7 8700K,GTX 1060 6GB,2,-,1,A,3,-,-,2021/11/12 12:14,2021/11/12 12:14
394,Core i7 8700K,GTX 1060 3GB,2,-,1,B+,3,-,-,2021/11/12 12:14,2021/11/12 12:14
395,Core i7 8700K,GTX 1050 Ti,2,-,1,B+,2,-,-,2021/11/12 12:14,2021/11/12 12:14
396,Core i7 8700K,GTX 1050,2,-,1,B+,2,-,-,2021/11/12 12:14,2021/11/12 12:14
397,Core i7 8700K,GTX 980 Ti,4,-,-,A,3,-,-,2021/11/12 12:14,2021/11/12 12:14
398,Core i7 8700K,GTX 980,3,-,-,A,3,-,-,2021/11/12 12:14,2021/11/12 12:14
399,Core i7 8700K,GTX 970,2,-,-,A-,3,-,-,2021/11/12 12:14,2021/11/12 12:14
400,Core i7 8700K,GTX 960,2,-,-,B-,3,-,-,2021/11/12 12:14,2021/11/12 12:14
401,Core i7 8700K,GTX 950,1,-,-,B-,3,-,-,2021/11/12 12:14,2021/11/12 12:14
402,Core i7 8700K,GTX 750 Ti,1,-,-,C+,2,-,-,2021/11/12 12:14,2021/11/12 12:14
403,Core i7 8700K,GTX 750,1,-,-,C,2,-,-,2021/11/12 12:14,2021/11/12 12:14
404,Core i7 8700,RTX 2080 Ti,2,-,3,A,3,-,-,2021/11/12 12:14,2021/11/12 12:14
405,Core i7 8700,RTX 2080,2,-,3,A,3,-,-,2021/11/12 12:14,2021/11/12 12:14
406,Core i7 8700,RTX 2070,2,-,3,A,3,-,-,2021/11/12 12:14,2021/11/12 12:14
407,Core i7 8700,RTX 2060,3,-,2,A-,3,-,-,2021/11/12 12:14,2021/11/12 12:14
408,Core i7 8700,GTX 1080 Ti,2,-,3,A,3,-,-,2021/11/12 12:14,2021/11/12 12:14
409,Core i7 8700,GTX 1080 ,2,-,2,A,3,-,-,2021/11/12 12:14,2021/11/12 12:14
410,Core i7 8700,GTX 1070 Ti,3,-,2,A,3,-,-,2021/11/12 12:14,2021/11/12 12:14
411,Core i7 8700,GTX 1070,3,-,1,A,3,-,-,2021/11/12 12:14,2021/11/12 12:14
412,Core i7 8700,GTX 1060 6GB,3,-,1,A,3,-,-,2021/11/12 12:14,2021/11/12 12:14
413,Core i7 8700,GTX 1060 3GB,3,-,1,B+,3,-,-,2021/11/12 12:14,2021/11/12 12:14
414,Core i7 8700,GTX 1050 Ti,3,-,1,B+,2,-,-,2021/11/12 12:14,2021/11/12 12:14
415,Core i7 8700,GTX 1050,2,-,1,B+,2,-,-,2021/11/12 12:14,2021/11/12 12:14
416,Core i7 8700,GTX 980 Ti,3,-,-,A-,3,-,-,2021/11/12 12:14,2021/11/12 12:14
417,Core i7 8700,GTX 980,3,-,-,A-,3,-,-,2021/11/12 12:14,2021/11/12 12:14
418,Core i7 8700,GTX 970,2,-,-,B,3,-,-,2021/11/12 12:14,2021/11/12 12:14
419,Core i7 8700,GTX 960,2,-,-,B,3,-,-,2021/11/12 12:14,2021/11/12 12:14
420,Core i7 8700,GTX 950,1,-,-,C+,3,-,-,2021/11/12 12:14,2021/11/12 12:14
421,Core i7 8700,GTX 750 Ti,1,-,-,C,2,-,-,2021/11/12 12:14,2021/11/12 12:14
422,Core i7 8700,GTX 750,1,-,-,C-,2,-,-,2021/11/12 12:14,2021/11/12 12:14
423,Core i5 8600K,RTX 2080 Ti,1,-,3,A,3,-,-,2021/11/12 12:14,2021/11/12 12:14
424,Core i5 8600K,RTX 2080,1,-,3,A-,3,-,-,2021/11/12 12:14,2021/11/12 12:14
425,Core i5 8600K,RTX 2070,2,-,2,A-,3,-,-,2021/11/12 12:14,2021/11/12 12:14
426,Core i5 8600K,RTX 2060,3,-,2,A-,3,-,-,2021/11/12 12:14,2021/11/12 12:14
427,Core i5 8600K,GTX 1080 Ti,1,-,3,A,3,-,-,2021/11/12 12:14,2021/11/12 12:14
428,Core i5 8600K,GTX 1080 ,1,-,2,A-,3,-,-,2021/11/12 12:14,2021/11/12 12:14
429,Core i5 8600K,GTX 1070 Ti,2,-,2,A-,3,-,-,2021/11/12 12:14,2021/11/12 12:14
430,Core i5 8600K,GTX 1070,3,-,1,A-,3,-,-,2021/11/12 12:14,2021/11/12 12:14
431,Core i5 8600K,GTX 1060 6GB,3,-,1,A-,3,-,-,2021/11/12 12:14,2021/11/12 12:14
432,Core i5 8600K,GTX 1060 3GB,3,-,1,A-,3,-,-,2021/11/12 12:14,2021/11/12 12:14
433,Core i5 8600K,GTX 1050 Ti,3,-,1,B,2,-,-,2021/11/12 12:14,2021/11/12 12:14
434,Core i5 8600K,GTX 1050,2,-,1,B,2,-,-,2021/11/12 12:14,2021/11/12 12:14
435,Core i5 8600,RTX 2080 Ti,1,-,3,A,3,-,-,2021/11/12 12:14,2021/11/12 12:14
436,Core i5 8600,RTX 2080,1,-,3,A-,3,-,-,2021/11/12 12:14,2021/11/12 12:14
437,Core i5 8600,RTX 2070,1,-,2,A-,3,-,-,2021/11/12 12:14,2021/11/12 12:14
438,Core i5 8600,RTX 2060,3,-,2,A-,3,-,-,2021/11/12 12:14,2021/11/12 12:14
439,Core i5 8600,GTX 1080 Ti,1,-,3,A-,3,-,-,2021/11/12 12:14,2021/11/12 12:14
440,Core i5 8600,GTX 1080 ,1,-,2,A-,3,-,-,2021/11/12 12:14,2021/11/12 12:14
441,Core i5 8600,GTX 1070 Ti,2,-,2,A-,3,-,-,2021/11/12 12:14,2021/11/12 12:14
442,Core i5 8600,GTX 1070,3,-,1,A-,3,-,-,2021/11/12 12:14,2021/11/12 12:14
443,Core i5 8600,GTX 1060 6GB,3,-,1,A-,3,-,-,2021/11/12 12:14,2021/11/12 12:14
444,Core i5 8600,GTX 1060 3GB,3,-,1,A-,3,-,-,2021/11/12 12:14,2021/11/12 12:14
445,Core i5 8600,GTX 1050 Ti,3,-,1,B,2,-,-,2021/11/12 12:14,2021/11/12 12:14
446,Core i5 8600,GTX 1050,2,-,1,B,1,-,-,2021/11/12 12:14,2021/11/12 12:14
447,Core i5 8500,RTX 2080 Ti,1,-,2,A-,3,-,-,2021/11/12 12:14,2021/11/12 12:14
448,Core i5 8500,RTX 2080,1,-,2,A-,3,-,-,2021/11/12 12:14,2021/11/12 12:14
449,Core i5 8500,RTX 2070,1,-,2,B+,3,-,-,2021/11/12 12:14,2021/11/12 12:14
450,Core i5 8500,RTX 2060,3,-,2,B+,3,-,-,2021/11/12 12:14,2021/11/12 12:14
451,Core i5 8500,GTX 1080 Ti,1,-,2,A-,3,-,-,2021/11/12 12:14,2021/11/12 12:14
452,Core i5 8500,GTX 1080 ,1,-,2,A-,3,-,-,2021/11/12 12:14,2021/11/12 12:14
453,Core i5 8500,GTX 1070 Ti,2,-,2,A-,3,-,-,2021/11/12 12:14,2021/11/12 12:14
454,Core i5 8500,GTX 1070,3,-,1,B+,3,-,-,2021/11/12 12:14,2021/11/12 12:14
455,Core i5 8500,GTX 1060 6GB,3,-,1,B+,2,-,-,2021/11/12 12:14,2021/11/12 12:14
456,Core i5 8500,GTX 1060 3GB,3,-,1,B+,2,-,-,2021/11/12 12:14,2021/11/12 12:14
457,Core i5 8500,GTX 1050 Ti,3,-,1,B,2,-,-,2021/11/12 12:14,2021/11/12 12:14
458,Core i5 8500,GTX 1050,3,-,1,B,1,-,-,2021/11/12 12:14,2021/11/12 12:14
459,Core i5 8400,RTX 2080 Ti,1,-,2,A-,3,-,-,2021/11/12 12:14,2021/11/12 12:14
460,Core i5 8400,RTX 2080,1,-,2,A-,3,-,-,2021/11/12 12:14,2021/11/12 12:14
461,Core i5 8400,RTX 2070,1,-,2,B+,3,-,-,2021/11/12 12:14,2021/11/12 12:14
462,Core i5 8400,RTX 2060,3,-,2,B+,3,-,-,2021/11/12 12:14,2021/11/12 12:14
463,Core i5 8400,GTX 1080 Ti,1,-,2,A-,3,-,-,2021/11/12 12:14,2021/11/12 12:14
464,Core i5 8400,GTX 1080 ,1,-,2,A-,3,-,-,2021/11/12 12:14,2021/11/12 12:14
465,Core i5 8400,GTX 1070 Ti,2,-,2,A-,3,-,-,2021/11/12 12:14,2021/11/12 12:14
466,Core i5 8400,GTX 1070,3,-,1,B+,3,-,-,2021/11/12 12:14,2021/11/12 12:14
467,Core i5 8400,GTX 1060 6GB,3,-,1,B+,2,-,-,2021/11/12 12:14,2021/11/12 12:14
468,Core i5 8400,GTX 1060 3GB,3,-,1,B+,2,-,-,2021/11/12 12:14,2021/11/12 12:14
469,Core i5 8400,GTX 1050 Ti,3,-,1,B,2,-,-,2021/11/12 12:14,2021/11/12 12:14
470,Core i5 8400,GTX 1050,3,-,1,B,1,-,-,2021/11/12 12:14,2021/11/12 12:14
471,Core i5 8400,GTX 980 Ti,3,-,-,B,3,-,-,2021/11/12 12:14,2021/11/12 12:14
472,Core i5 8400,GTX 980,4,-,-,B,3,-,-,2021/11/12 12:14,2021/11/12 12:14
473,Core i5 8400,GTX 970,3,-,-,B-,3,-,-,2021/11/12 12:14,2021/11/12 12:14
474,Core i5 8400,GTX 960,3,-,-,B-,2,-,-,2021/11/12 12:14,2021/11/12 12:14
475,Core i5 8400,GTX 950,1,-,-,C,2,-,-,2021/11/12 12:14,2021/11/12 12:14
476,Core i5 8400,GTX 750 Ti,1,-,-,C-,2,-,-,2021/11/12 12:14,2021/11/12 12:14
477,Core i5 8400,GTX 750,1,-,-,C-,2,-,-,2021/11/12 12:14,2021/11/12 12:14
478,Core i5 7400,GTX 750,3,-,-,D-,1,-,-,2021/11/12 12:14,2021/11/12 12:14
479,Core i5 7400,GTX 750 Ti,3,-,-,D+,1,-,-,2021/11/12 12:14,2021/11/12 12:14
480,Core i5 7400,GTX 950,3,-,-,C-,1,-,-,2021/11/12 12:14,2021/11/12 12:14
481,Core i5 7400,GTX 1050,3,-,-,C,2,-,-,2021/11/12 12:14,2021/11/12 12:14
482,Core i5 7400,GTX 1050 Ti,,-,-,C-,2,-,-,2021/11/12 12:14,2021/11/12 12:14
483,Core i5 7400,GTX 960,3,-,-,C,2,-,-,2021/11/12 12:14,2021/11/12 12:14
484,Core i5 7400,GTX 970,2,-,-,C+,2,-,-,2021/11/12 12:14,2021/11/12 12:14
485,Core i5 7400,GTX 1060 3GB,2,-,-,C+,2,-,-,2021/11/12 12:14,2021/11/12 12:14
486,Core i5 7400,GTX 1060 6GB,2,-,-,B-,2,-,-,2021/11/12 12:14,2021/11/12 12:14
487,Core i5 7400,GTX 980,1,-,-,B-,3,-,-,2021/11/12 12:14,2021/11/12 12:14
488,Core i5 7400,GTX 980 Ti,1,-,-,B-,3,-,-,2021/11/12 12:14,2021/11/12 12:14
489,Core i5 7400,GTX 1070,1,-,-,B-,3,-,-,2021/11/12 12:14,2021/11/12 12:14
490,Core i5 7400,GTX 1080 ,1,-,-,B+,3,-,-,2021/11/12 12:14,2021/11/12 12:14
491,Core i5 7400,GTX 1080 Ti,1,-,-,B+,3,-,-,2021/11/12 12:14,2021/11/12 12:14
492,Core i5 7500,GTX 750,3,-,-,D,1,-,-,2021/11/12 12:14,2021/11/12 12:14
493,Core i5 7500,GTX 750 Ti,3,-,-,D,1,-,-,2021/11/12 12:14,2021/11/12 12:14
494,Core i5 7500,GTX 950,3,-,-,C-,2,-,-,2021/11/12 12:14,2021/11/12 12:14
495,Core i5 7500,GTX 1050,3,-,-,C,2,-,-,2021/11/12 12:14,2021/11/12 12:14
496,Core i5 7500,GTX 1050 Ti,3,-,-,C,2,-,-,2021/11/12 12:14,2021/11/12 12:14
497,Core i5 7500,GTX 960,3,-,-,C,2,-,-,2021/11/12 12:14,2021/11/12 12:14
498,Core i5 7500,GTX 970,2,-,-,C+,2,-,-,2021/11/12 12:14,2021/11/12 12:14
499,Core i5 7500,GTX 1060 3GB,2,-,-,C+,2,-,-,2021/11/12 12:14,2021/11/12 12:14
500,Core i5 7500,GTX 1060 6GB,2,-,-,C+,2,-,-,2021/11/12 12:14,2021/11/12 12:14
501,Core i5 7500,GTX 980,1,-,-,B-,2,-,-,2021/11/12 12:14,2021/11/12 12:14
502,Core i5 7500,GTX 980 Ti,1,-,-,B-,3,-,-,2021/11/12 12:14,2021/11/12 12:14
503,Core i5 7500,GTX 1070,1,-,-,B-,3,-,-,2021/11/12 12:14,2021/11/12 12:14
504,Core i5 7500,GTX 1080 ,1,-,-,B+,3,-,-,2021/11/12 12:14,2021/11/12 12:14
505,Core i5 7500,GTX 1080 Ti,1,-,-,B+,3,-,-,2021/11/12 12:14,2021/11/12 12:14
506,Core i5 7600K,GTX 750,1,-,-,D+,1,-,-,2021/11/12 12:14,2021/11/12 12:14
507,Core i5 7600K,GTX 750 Ti,2,-,-,C-,1,-,-,2021/11/12 12:14,2021/11/12 12:14
508,Core i5 7600K,GTX 950,3,-,-,C,2,-,-,2021/11/12 12:14,2021/11/12 12:14
509,Core i5 7600K,GTX 1050,3,-,-,C,2,-,-,2021/11/12 12:14,2021/11/12 12:14
510,Core i5 7600K,GTX 1050 Ti,3,-,-,C,2,-,-,2021/11/12 12:14,2021/11/12 12:14
511,Core i5 7600K,GTX 960,3,-,-,C,3,-,-,2021/11/12 12:14,2021/11/12 12:14
512,Core i5 7600K,GTX 970,3,-,-,C+,3,-,-,2021/11/12 12:14,2021/11/12 12:14
513,Core i5 7600K,GTX 1060 3GB,3,-,-,C+,3,-,-,2021/11/12 12:14,2021/11/12 12:14
514,Core i5 7600K,GTX 1060 6GB,3,-,-,B-,3,-,-,2021/11/12 12:14,2021/11/12 12:14
515,Core i5 7600K,GTX 980,3,-,-,B-,3,-,-,2021/11/12 12:14,2021/11/12 12:14
516,Core i5 7600K,GTX 980 Ti,2,-,-,B,3,-,-,2021/11/12 12:14,2021/11/12 12:14
517,Core i5 7600K,GTX 1070,2,-,-,B+,4,-,-,2021/11/12 12:14,2021/11/12 12:14
518,Core i5 7600K,GTX 1080 ,2,-,-,B+,4,-,-,2021/11/12 12:14,2021/11/12 12:14
519,Core i5 7600K,GTX 1080 Ti,2,-,-,B+,4,-,-,2021/11/12 12:14,2021/11/12 12:14
520,Core i5 7600,GTX 750,3,-,-,D+,1,-,-,2021/11/12 12:14,2021/11/12 12:14
521,Core i5 7600,GTX 750 Ti,3,-,-,D+,1,-,-,2021/11/12 12:14,2021/11/12 12:14
522,Core i5 7600,GTX 950,3,-,-,C-,2,-,-,2021/11/12 12:14,2021/11/12 12:14
523,Core i5 7600,GTX 1050,3,-,-,C-,2,-,-,2021/11/12 12:14,2021/11/12 12:14
524,Core i5 7600,GTX 1050 Ti,3,-,-,C,2,-,-,2021/11/12 12:14,2021/11/12 12:14
525,Core i5 7600,GTX 960,3,-,-,C,2,-,-,2021/11/12 12:14,2021/11/12 12:14
526,Core i5 7600,GTX 970,3,-,-,C+,2,-,-,2021/11/12 12:14,2021/11/12 12:14
527,Core i5 7600,GTX 1060 3GB,3,-,-,C+,3,-,-,2021/11/12 12:14,2021/11/12 12:14
528,Core i5 7600,GTX 1060 6GB,3,-,-,C+,3,-,-,2021/11/12 12:14,2021/11/12 12:14
529,Core i5 7600,GTX 980,3,-,-,B-,3,-,-,2021/11/12 12:14,2021/11/12 12:14
530,Core i5 7600,GTX 980 Ti,2,-,-,B-,3,-,-,2021/11/12 12:14,2021/11/12 12:14
531,Core i5 7600,GTX 1070,2,-,-,B,3,-,-,2021/11/12 12:14,2021/11/12 12:14
532,Core i5 7600,GTX 1080 ,2,-,-,B+,4,-,-,2021/11/12 12:14,2021/11/12 12:14
533,Core i5 7600,GTX 1080 Ti,2,-,-,B+,4,-,-,2021/11/12 12:14,2021/11/12 12:14
534,Core i7 7700,GTX 750,2,-,-,D+,1,-,-,2021/11/12 12:14,2021/11/12 12:14
535,Core i7 7700,GTX 750 Ti,2,-,-,C-,1,-,-,2021/11/12 12:14,2021/11/12 12:14
536,Core i7 7700,GTX 950,2,-,-,C,2,-,-,2021/11/12 12:14,2021/11/12 12:14
537,Core i7 7700,GTX 1050,2,-,-,C,2,-,-,2021/11/12 12:14,2021/11/12 12:14
538,Core i7 7700,GTX 1050 Ti,3,-,-,C,3,-,-,2021/11/12 12:14,2021/11/12 12:14
539,Core i7 7700,GTX 960,3,-,-,C,3,-,-,2021/11/12 12:14,2021/11/12 12:14
540,Core i7 7700,GTX 970,4,-,-,C+,3,-,-,2021/11/12 12:14,2021/11/12 12:14
541,Core i7 7700,GTX 1060 3GB,4,-,-,B-,4,-,-,2021/11/12 12:14,2021/11/12 12:14
542,Core i7 7700,GTX 1060 6GB,4,-,-,B-,4,-,-,2021/11/12 12:14,2021/11/12 12:14
543,Core i7 7700,GTX 980,3,-,-,B-,4,-,-,2021/11/12 12:14,2021/11/12 12:14
544,Core i7 7700,GTX 980 Ti,3,-,-,B,4,-,-,2021/11/12 12:14,2021/11/12 12:14
545,Core i7 7700,GTX 1070,3,-,-,B+,4,-,-,2021/11/12 12:14,2021/11/12 12:14
546,Core i7 7700,GTX 1080 ,3,-,-,B+,4,-,-,2021/11/12 12:14,2021/11/12 12:14
547,Core i7 7700,GTX 1080 Ti,3,-,-,B+,4,-,-,2021/11/12 12:14,2021/11/12 12:14
548,Core i7 7700K,GTX 750,2,-,-,D,1,-,-,2021/11/12 12:14,2021/11/12 12:14
549,Core i7 7700K,GTX 750 Ti,2,-,-,C,1,-,-,2021/11/12 12:14,2021/11/12 12:14
550,Core i7 7700K,GTX 950,2,-,-,C,2,-,-,2021/11/12 12:14,2021/11/12 12:14
551,Core i7 7700K,GTX 1050,2,-,-,C,2,-,-,2021/11/12 12:14,2021/11/12 12:14
552,Core i7 7700K,GTX 1050 Ti,2,-,-,C+,3,-,-,2021/11/12 12:14,2021/11/12 12:14
553,Core i7 7700K,GTX 960,2,-,-,C+,3,-,-,2021/11/12 12:14,2021/11/12 12:14
554,Core i7 7700K,GTX 970,3,-,-,B-,4,-,-,2021/11/12 12:14,2021/11/12 12:14
555,Core i7 7700K,GTX 1060 3GB,3,-,-,B,4,-,-,2021/11/12 12:14,2021/11/12 12:14
556,Core i7 7700K,GTX 1060 6GB,3,-,-,B,4,-,-,2021/11/12 12:14,2021/11/12 12:14
557,Core i7 7700K,GTX 980,3,-,-,B-,4,-,-,2021/11/12 12:14,2021/11/12 12:14
558,Core i7 7700K,GTX 980 Ti,4,-,-,B+,4,-,-,2021/11/12 12:14,2021/11/12 12:14
559,Core i7 7700K,GTX 1070,4,-,-,B+,4,-,-,2021/11/12 12:14,2021/11/12 12:14
560,Core i7 7700K,GTX 1080 ,4,-,-,B+,4,-,-,2021/11/12 12:14,2021/11/12 12:14
561,Core i7 7700K,GTX 1080 Ti,3,-,-,B+,4,-,-,2021/11/12 12:14,2021/11/12 12:14
562,Core i5 6400,GTX 750,3,-,-,D-,1,-,-,2021/11/12 12:14,2021/11/12 12:14
563,Core i5 6400,GTX 750 Ti,3,-,-,D+,1,-,-,2021/11/12 12:14,2021/11/12 12:14
564,Core i5 6400,GTX 950,3,-,-,C-,1,-,-,2021/11/12 12:14,2021/11/12 12:14
565,Core i5 6400,GTX 1050,3,-,-,C-,2,-,-,2021/11/12 12:14,2021/11/12 12:14
566,Core i5 6400,GTX 1050 Ti,3,-,-,C,2,-,-,2021/11/12 12:14,2021/11/12 12:14
567,Core i5 6400,GTX 960,3,-,-,C-,2,-,-,2021/11/12 12:14,2021/11/12 12:14
568,Core i5 6400,GTX 970,2,-,-,C,2,-,-,2021/11/12 12:14,2021/11/12 12:14
569,Core i5 6400,GTX 1060 3GB,2,-,-,C+,2,-,-,2021/11/12 12:14,2021/11/12 12:14
570,Core i5 6400,GTX 1060 6GB,2,-,-,C+,2,-,-,2021/11/12 12:14,2021/11/12 12:14
571,Core i5 6400,GTX 980,1,-,-,C+,2,-,-,2021/11/12 12:14,2021/11/12 12:14
572,Core i5 6400,GTX 980 Ti,1,-,-,B-,3,-,-,2021/11/12 12:14,2021/11/12 12:14
573,Core i5 6400,GTX 1070,1,-,-,B-,3,-,-,2021/11/12 12:14,2021/11/12 12:14
574,Core i5 6400,GTX 1080 ,1,-,-,B,3,-,-,2021/11/12 12:14,2021/11/12 12:14
575,Core i5 6500,GTX 750,2,-,-,D,1,-,-,2021/11/12 12:14,2021/11/12 12:14
576,Core i5 6500,GTX 750 Ti,3,-,-,D+,1,-,-,2021/11/12 12:14,2021/11/12 12:14
577,Core i5 6500,GTX 950,3,-,-,C-,2,-,-,2021/11/12 12:14,2021/11/12 12:14
578,Core i5 6500,GTX 1050,3,-,-,C-,2,-,-,2021/11/12 12:14,2021/11/12 12:14
579,Core i5 6500,GTX 1050 Ti,3,-,-,C,2,-,-,2021/11/12 12:14,2021/11/12 12:14
580,Core i5 6500,GTX 960,3,-,-,C-,2,-,-,2021/11/12 12:14,2021/11/12 12:14
581,Core i5 6500,GTX 970,2,-,-,C,2,-,-,2021/11/12 12:14,2021/11/12 12:14
582,Core i5 6500,GTX 1060 3GB,2,-,-,C+,2,-,-,2021/11/12 12:14,2021/11/12 12:14
583,Core i5 6500,GTX 1060 6GB,2,-,-,C+,2,-,-,2021/11/12 12:14,2021/11/12 12:14
584,Core i5 6500,GTX 980,2,-,-,C+,2,-,-,2021/11/12 12:14,2021/11/12 12:14
585,Core i5 6500,GTX 980 Ti,2,-,-,B-,3,-,-,2021/11/12 12:14,2021/11/12 12:14
586,Core i5 6500,GTX 1070,2,-,-,B-,3,-,-,2021/11/12 12:14,2021/11/12 12:14
587,Core i5 6500,GTX 1080 ,1,-,-,B,3,-,-,2021/11/12 12:14,2021/11/12 12:14
588,Core i5 6600,GTX 750,3,-,-,D,1,-,-,2021/11/12 12:14,2021/11/12 12:14
589,Core i5 6600,GTX 750 Ti,3,-,-,D+,1,-,-,2021/11/12 12:14,2021/11/12 12:14
590,Core i5 6600,GTX 950,3,-,-,C-,2,-,-,2021/11/12 12:14,2021/11/12 12:14
591,Core i5 6600,GTX 1050,3,-,-,C-,2,-,-,2021/11/12 12:14,2021/11/12 12:14
592,Core i5 6600,GTX 1050 Ti,3,-,-,C,2,-,-,2021/11/12 12:14,2021/11/12 12:14
593,Core i5 6600,GTX 960,3,-,-,C,2,-,-,2021/11/12 12:14,2021/11/12 12:14
594,Core i5 6600,GTX 970,3,-,-,C+,2,-,-,2021/11/12 12:14,2021/11/12 12:14
595,Core i5 6600,GTX 1060 3GB,2,-,-,C+,3,-,-,2021/11/12 12:14,2021/11/12 12:14
596,Core i5 6600,GTX 1060 6GB,2,-,-,C+,3,-,-,2021/11/12 12:14,2021/11/12 12:14
597,Core i5 6600,GTX 980,2,-,-,B-,3,-,-,2021/11/12 12:14,2021/11/12 12:14
598,Core i5 6600,GTX 980 Ti,2,-,-,B-,3,-,-,2021/11/12 12:14,2021/11/12 12:14
599,Core i5 6600,GTX 1070,2,-,-,B-,3,-,-,2021/11/12 12:14,2021/11/12 12:14
600,Core i5 6600,GTX 1080 ,2,-,-,B,4,-,-,2021/11/12 12:14,2021/11/12 12:14
601,Core i5 6600K,GTX 750,1,-,-,D+,1,-,-,2021/11/12 12:14,2021/11/12 12:14
602,Core i5 6600K,GTX 750 Ti,2,-,-,C-,1,-,-,2021/11/12 12:14,2021/11/12 12:14
603,Core i5 6600K,GTX 950,2,-,-,C,2,-,-,2021/11/12 12:14,2021/11/12 12:14
604,Core i5 6600K,GTX 1050,2,-,-,C,2,-,-,2021/11/12 12:14,2021/11/12 12:14
605,Core i5 6600K,GTX 1050 Ti,3,-,-,C,2,-,-,2021/11/12 12:14,2021/11/12 12:14
606,Core i5 6600K,GTX 960,3,-,-,C,3,-,-,2021/11/12 12:14,2021/11/12 12:14
607,Core i5 6600K,GTX 970,3,-,-,C+,3,-,-,2021/11/12 12:14,2021/11/12 12:14
608,Core i5 6600K,GTX 1060 3GB,3,-,-,C+,3,-,-,2021/11/12 12:14,2021/11/12 12:14
609,Core i5 6600K,GTX 1060 6GB,2,-,-,C+,3,-,-,2021/11/12 12:14,2021/11/12 12:14
610,Core i5 6600K,GTX 980,2,-,-,B-,3,-,-,2021/11/12 12:14,2021/11/12 12:14
611,Core i5 6600K,GTX 980 Ti,2,-,-,B-,3,-,-,2021/11/12 12:14,2021/11/12 12:14
612,Core i5 6600K,GTX 1070,2,-,-,B-,3,-,-,2021/11/12 12:14,2021/11/12 12:14
613,Core i5 6600K,GTX 1080 ,2,-,-,B,4,-,-,2021/11/12 12:14,2021/11/12 12:14
614,Core I7 6700,GTX 750,2,-,-,D+,1,-,-,2021/11/12 12:14,2021/11/12 12:14
615,Core I7 6700,GTX 750 Ti,2,-,-,C-,1,-,-,2021/11/12 12:14,2021/11/12 12:14
616,Core I7 6700,GTX 950,2,-,-,C,2,-,-,2021/11/12 12:14,2021/11/12 12:14
617,Core I7 6700,GTX 1050,2,-,-,C,2,-,-,2021/11/12 12:14,2021/11/12 12:14
618,Core I7 6700,GTX 1050 Ti,2,-,-,C,3,-,-,2021/11/12 12:14,2021/11/12 12:14
619,Core I7 6700,GTX 960,3,-,-,C,3,-,-,2021/11/12 12:14,2021/11/12 12:14
620,Core I7 6700,GTX 970,3,-,-,C+,3,-,-,2021/11/12 12:14,2021/11/12 12:14
621,Core I7 6700,GTX 1060 3GB,3,-,-,B-,4,-,-,2021/11/12 12:14,2021/11/12 12:14
622,Core I7 6700,GTX 1060 6GB,3,-,-,B-,4,-,-,2021/11/12 12:14,2021/11/12 12:14
623,Core I7 6700,GTX 980,2,-,-,B-,4,-,-,2021/11/12 12:14,2021/11/12 12:14
624,Core I7 6700,GTX 980 Ti,2,-,-,B,4,-,-,2021/11/12 12:14,2021/11/12 12:14
625,Core I7 6700,GTX 1070,2,-,-,B,4,-,-,2021/11/12 12:14,2021/11/12 12:14
626,Core I7 6700,GTX 1080 ,2,-,-,B+,4,-,-,2021/11/12 12:14,2021/11/12 12:14
627,Core I7 6700K,GTX 750,2,-,-,D,1,-,-,2021/11/12 12:14,2021/11/12 12:14
628,Core I7 6700K,GTX 750 Ti,2,-,-,D+,1,-,-,2021/11/12 12:14,2021/11/12 12:14
629,Core I7 6700K,GTX 950,2,-,-,C-,2,-,-,2021/11/12 12:14,2021/11/12 12:14
630,Core I7 6700K,GTX 1050,2,-,-,C,2,-,-,2021/11/12 12:14,2021/11/12 12:14
631,Core I7 6700K,GTX 1050 Ti,2,-,-,C+,3,-,-,2021/11/12 12:14,2021/11/12 12:14
632,Core I7 6700K,GTX 960,2,-,-,C+,3,-,-,2021/11/12 12:14,2021/11/12 12:14
633,Core I7 6700K,GTX 970,3,-,-,B-,4,-,-,2021/11/12 12:14,2021/11/12 12:14
634,Core I7 6700K,GTX 1060 3GB,3,-,-,B-,4,-,-,2021/11/12 12:14,2021/11/12 12:14
635,Core I7 6700K,GTX 1060 6GB,3,-,-,B,4,-,-,2021/11/12 12:14,2021/11/12 12:14
636,Core I7 6700K,GTX 980,3,-,-,B,4,-,-,2021/11/12 12:14,2021/11/12 12:14
637,Core I7 6700K,GTX 980 Ti,3,-,-,B,4,-,-,2021/11/12 12:14,2021/11/12 12:14
638,Core I7 6700K,GTX 1070,3,-,-,B+,4,-,-,2021/11/12 12:14,2021/11/12 12:14
639,Core I7 6700K,GTX 1080 ,3,-,-,B+,4,-,-,2021/11/12 12:14,2021/11/12 12:14
