bottleneck_id,cpu_name,gpu_name,balance,wqhd,four_k,game_appropriate,game_delivery,video_editing,encode,created_at,updated_at
1,Core i9 11900K,RTX 3090,4,4,4,0,4,4,4,2021-11-10 12:14:00+09,2021-11-10 12:14:00+09
2,Core i9 11900,RTX 3090,4,4,4,0,4,4,4,2021-11-10 12:14:00+09,2021-11-10 12:14:00+09
3,Core i9 10900K,RTX 3090,4,4,4,0,4,4,4,2021-11-10 12:14:00+09,2021-11-10 12:14:00+09
4,Core i9 10900,RTX 3090,3,4,4,0,4,4,3,2021-11-10 12:14:00+09,2021-11-10 12:14:00+09
5,Core i7 11700K,RTX 3090,3,4,4,0,4,4,3,2021-11-10 12:14:00+09,2021-11-10 12:14:00+09
6,Core i7 11700,RTX 3090,2,4,4,0,4,4,3,2021-11-10 12:14:00+09,2021-11-10 12:14:00+09
7,Core i7 10700K,RTX 3090,3,4,4,0,4,4,3,2021-11-10 12:14:00+09,2021-11-10 12:14:00+09
8,Core i7 10700,RTX 3090,2,4,4,0,4,4,3,2021-11-10 12:14:00+09,2021-11-10 12:14:00+09
9,Core i5 11400,RTX 3090,1,4,3,0,3,4,2,2021-11-10 12:14:00+09,2021-11-10 12:14:00+09
10,Core i5 10400,RTX 3090,1,4,2,0,2,2,4,2021-11-10 12:14:00+09,2021-11-10 12:14:00+09
11,Ryzen 9 5900X,RTX 3090,4,4,4,0,4,4,4,2021-11-10 12:14:00+09,2021-11-10 12:14:00+09
12,Ryzen 9 5950X,RTX 3090,4,4,4,0,4,4,4,2021-11-10 12:14:00+09,2021-11-10 12:14:00+09
13,Ryzen 7 5800X,RTX 3090,4,4,4,0,4,4,4,2021-11-10 12:14:00+09,2021-11-10 12:14:00+09
14,Ryzen 7 3700X,RTX 3090,2,4,4,0,4,4,4,2021-11-10 12:14:00+09,2021-11-10 12:14:00+09
15,Ryzen 5 5600X,RTX 3090,2,4,4,0,4,4,4,2021-11-10 12:14:00+09,2021-11-10 12:14:00+09
16,Ryzen 5 3600,RTX 3090,1,4,3,0,4,4,3,2021-11-10 12:14:00+09,2021-11-10 12:14:00+09
17,Ryzen 5 3500X,RTX 3090,1,4,2,0,3,3,2,2021-11-10 12:14:00+09,2021-11-10 12:14:00+09
18,Ryzen 5 3500,RTX 3090,1,4,2,0,2,3,2,2021-11-10 12:14:00+09,2021-11-10 12:14:00+09
19,Core i9 11900K,RX 6900 XT,4,4,4,0,4,4,4,2021-11-10 12:14:00+09,2021-11-10 12:14:00+09
20,Core i9 11900,RX 6900 XT,4,4,4,0,4,4,4,2021-11-10 12:14:00+09,2021-11-10 12:14:00+09
21,Core i9 10900K,RX 6900 XT,4,4,4,0,4,4,4,2021-11-10 12:14:00+09,2021-11-10 12:14:00+09
22,Core i9 10900,RX 6900 XT,3,4,4,0,4,4,3,2021-11-10 12:14:00+09,2021-11-10 12:14:00+09
23,Core i7 11700K,RX 6900 XT,3,4,4,0,4,4,3,2021-11-10 12:14:00+09,2021-11-10 12:14:00+09
24,Core i7 11700,RX 6900 XT,2,4,4,0,4,4,3,2021-11-10 12:14:00+09,2021-11-10 12:14:00+09
25,Core i7 10700K,RX 6900 XT,3,4,4,0,4,4,3,2021-11-10 12:14:00+09,2021-11-10 12:14:00+09
26,Core i7 10700,RX 6900 XT,2,4,4,0,4,4,3,2021-11-10 12:14:00+09,2021-11-10 12:14:00+09
27,Core i5 11400,RX 6900 XT,1,4,3,0,3,4,2,2021-11-10 12:14:00+09,2021-11-10 12:14:00+09
28,Core i5 10400,RX 6900 XT,1,4,2,0,2,2,4,2021-11-10 12:14:00+09,2021-11-10 12:14:00+09
29,Ryzen 9 5900X,RX 6900 XT,4,4,4,0,4,4,4,2021-11-10 12:14:00+09,2021-11-10 12:14:00+09
30,Ryzen 9 5950X,RX 6900 XT,4,4,4,0,4,4,4,2021-11-10 12:14:00+09,2021-11-10 12:14:00+09
31,Ryzen 7 5800X,RX 6900 XT,4,4,4,0,4,4,4,2021-11-10 12:14:00+09,2021-11-10 12:14:00+09
32,Ryzen 7 3700X,RX 6900 XT,2,4,4,0,4,4,4,2021-11-10 12:14:00+09,2021-11-10 12:14:00+09
33,Ryzen 5 5600X,RX 6900 XT,2,4,4,0,4,4,4,2021-11-10 12:14:00+09,2021-11-10 12:14:00+09
34,Ryzen 5 3600,RX 6900 XT,1,4,3,0,4,4,3,2021-11-10 12:14:00+09,2021-11-10 12:14:00+09
35,Ryzen 5 3500X,RX 6900 XT,1,4,2,0,3,3,2,2021-11-10 12:14:00+09,2021-11-10 12:14:00+09
36,Ryzen 5 3500,RX 6900 XT,1,4,2,0,2,3,2,2021-11-10 12:14:00+09,2021-11-10 12:14:00+09
37,Core i9 11900K,RTX 3080,4,4,4,0,4,4,4,2021-11-10 12:14:00+09,2021-11-10 12:14:00+09
38,Core i9 11900,RTX 3080,4,4,4,0,4,4,4,2021-11-10 12:14:00+09,2021-11-10 12:14:00+09
39,Core i9 10900K,RTX 3080,4,4,4,0,4,4,4,2021-11-10 12:14:00+09,2021-11-10 12:14:00+09
40,Core i9 10900,RTX 3080,3,4,4,0,4,4,3,2021-11-10 12:14:00+09,2021-11-10 12:14:00+09
41,Core i7 11700K,RTX 3080,3,4,4,0,4,4,3,2021-11-10 12:14:00+09,2021-11-10 12:14:00+09
42,Core i7 11700,RTX 3080,2,4,4,0,4,4,3,2021-11-10 12:14:00+09,2021-11-10 12:14:00+09
43,Core i7 10700K,RTX 3080,3,4,4,0,4,4,3,2021-11-10 12:14:00+09,2021-11-10 12:14:00+09
44,Core i7 10700,RTX 3080,2,4,4,0,4,4,3,2021-11-10 12:14:00+09,2021-11-10 12:14:00+09
45,Core i5 11400,RTX 3080,2,4,3,0,3,4,2,2021-11-10 12:14:00+09,2021-11-10 12:14:00+09
46,Core i5 10400,RTX 3080,1,4,2,0,2,2,4,2021-11-10 12:14:00+09,2021-11-10 12:14:00+09
47,Ryzen 9 5900X,RTX 3080,4,4,4,0,4,4,4,2021-11-10 12:14:00+09,2021-11-10 12:14:00+09
48,Ryzen 9 5950X,RTX 3080,4,4,4,0,4,4,4,2021-11-10 12:14:00+09,2021-11-10 12:14:00+09
49,Ryzen 7 5800X,RTX 3080,4,4,4,0,4,4,4,2021-11-10 12:14:00+09,2021-11-10 12:14:00+09
50,Ryzen 7 3700X,RTX 3080,3,4,4,0,4,4,4,2021-11-10 12:14:00+09,2021-11-10 12:14:00+09
51,Ryzen 5 5600X,RTX 3080,3,4,4,0,4,4,4,2021-11-10 12:14:00+09,2021-11-10 12:14:00+09
52,Ryzen 5 3600,RTX 3080,3,4,3,0,4,4,3,2021-11-10 12:14:00+09,2021-11-10 12:14:00+09
53,Ryzen 5 3500X,RTX 3080,1,4,2,0,3,3,2,2021-11-10 12:14:00+09,2021-11-10 12:14:00+09
54,Ryzen 5 3500,RTX 3080,1,4,2,0,2,3,2,2021-11-10 12:14:00+09,2021-11-10 12:14:00+09
55,Core i9 11900K,RX 6800 XT,4,4,4,0,4,4,4,2021-11-10 12:14:00+09,2021-11-10 12:14:00+09
56,Core i9 11900,RX 6800 XT,4,4,4,0,4,4,4,2021-11-10 12:14:00+09,2021-11-10 12:14:00+09
57,Core i9 10900K,RX 6800 XT,4,4,4,0,4,4,4,2021-11-10 12:14:00+09,2021-11-10 12:14:00+09
58,Core i9 10900,RX 6800 XT,3,4,4,0,4,4,3,2021-11-10 12:14:00+09,2021-11-10 12:14:00+09
59,Core i7 11700K,RX 6800 XT,3,4,4,0,4,4,3,2021-11-10 12:14:00+09,2021-11-10 12:14:00+09
60,Core i7 11700,RX 6800 XT,2,4,4,0,4,4,3,2021-11-10 12:14:00+09,2021-11-10 12:14:00+09
61,Core i7 10700K,RX 6800 XT,3,4,4,0,4,4,3,2021-11-10 12:14:00+09,2021-11-10 12:14:00+09
62,Core i7 10700,RX 6800 XT,2,4,4,0,4,4,3,2021-11-10 12:14:00+09,2021-11-10 12:14:00+09
63,Core i5 11400,RX 6800 XT,2,4,3,0,3,4,2,2021-11-10 12:14:00+09,2021-11-10 12:14:00+09
64,Core i5 10400,RX 6800 XT,1,4,2,0,2,2,4,2021-11-10 12:14:00+09,2021-11-10 12:14:00+09
65,Ryzen 9 5900X,RX 6800 XT,4,4,4,0,4,4,4,2021-11-10 12:14:00+09,2021-11-10 12:14:00+09
66,Ryzen 9 5950X,RX 6800 XT,4,4,4,0,4,4,4,2021-11-10 12:14:00+09,2021-11-10 12:14:00+09
67,Ryzen 7 5800X,RX 6800 XT,4,4,4,0,4,4,4,2021-11-10 12:14:00+09,2021-11-10 12:14:00+09
68,Ryzen 7 3700X,RX 6800 XT,3,4,4,0,4,4,4,2021-11-10 12:14:00+09,2021-11-10 12:14:00+09
69,Ryzen 5 5600X,RX 6800 XT,3,4,4,0,4,4,4,2021-11-10 12:14:00+09,2021-11-10 12:14:00+09
70,Ryzen 5 3600,RX 6800 XT,3,4,3,0,4,4,3,2021-11-10 12:14:00+09,2021-11-10 12:14:00+09
71,Ryzen 5 3500X,RX 6800 XT,1,4,2,0,3,3,2,2021-11-10 12:14:00+09,2021-11-10 12:14:00+09
72,Ryzen 5 3500,RX 6800 XT,1,4,2,0,2,3,2,2021-11-10 12:14:00+09,2021-11-10 12:14:00+09
73,Core i9 11900K,RTX 3070,3,4,4,0,4,4,4,2021-11-10 12:14:00+09,2021-11-10 12:14:00+09
74,Core i9 11900,RTX 3070,4,4,4,0,4,4,4,2021-11-10 12:14:00+09,2021-11-10 12:14:00+09
75,Core i9 10900K,RTX 3070,4,4,4,0,4,4,4,2021-11-10 12:14:00+09,2021-11-10 12:14:00+09
76,Core i9 10900,RTX 3070,4,4,4,0,4,4,3,2021-11-10 12:14:00+09,2021-11-10 12:14:00+09
77,Core i7 11700K,RTX 3070,4,4,4,0,4,4,3,2021-11-10 12:14:00+09,2021-11-10 12:14:00+09
78,Core i7 11700,RTX 3070,3,4,4,0,4,4,3,2021-11-10 12:14:00+09,2021-11-10 12:14:00+09
79,Core i7 10700K,RTX 3070,4,4,4,0,4,4,3,2021-11-10 12:14:00+09,2021-11-10 12:14:00+09
80,Core i7 10700,RTX 3070,3,4,4,0,4,4,3,2021-11-10 12:14:00+09,2021-11-10 12:14:00+09
81,Core i5 11400,RTX 3070,2,4,3,0,3,4,2,2021-11-10 12:14:00+09,2021-11-10 12:14:00+09
82,Core i5 10400,RTX 3070,2,4,2,0,2,2,4,2021-11-10 12:14:00+09,2021-11-10 12:14:00+09
83,Ryzen 9 5900X,RTX 3070,4,4,4,0,4,4,4,2021-11-10 12:14:00+09,2021-11-10 12:14:00+09
84,Ryzen 9 5950X,RTX 3070,4,4,4,0,4,4,4,2021-11-10 12:14:00+09,2021-11-10 12:14:00+09
85,Ryzen 7 5800X,RTX 3070,4,4,4,0,4,4,4,2021-11-10 12:14:00+09,2021-11-10 12:14:00+09
86,Ryzen 7 3700X,RTX 3070,3,4,4,0,4,4,4,2021-11-10 12:14:00+09,2021-11-10 12:14:00+09
87,Ryzen 5 5600X,RTX 3070,3,4,4,0,4,4,4,2021-11-10 12:14:00+09,2021-11-10 12:14:00+09
88,Ryzen 5 3600,RTX 3070,2,4,3,0,4,4,3,2021-11-10 12:14:00+09,2021-11-10 12:14:00+09
89,Ryzen 5 3500X,RTX 3070,1,4,2,0,3,3,2,2021-11-10 12:14:00+09,2021-11-10 12:14:00+09
90,Ryzen 5 3500,RTX 3070,1,4,2,0,2,3,2,2021-11-10 12:14:00+09,2021-11-10 12:14:00+09
91,Core i9 11900K,RTX 3060 Ti,3,4,3,0,4,4,4,2021-11-10 12:14:00+09,2021-11-10 12:14:00+09
92,Core i9 11900,RTX 3060 Ti,4,4,3,0,4,4,4,2021-11-10 12:14:00+09,2021-11-10 12:14:00+09
93,Core i9 10900K,RTX 3060 Ti,4,4,3,0,4,4,4,2021-11-10 12:14:00+09,2021-11-10 12:14:00+09
94,Core i9 10900,RTX 3060 Ti,4,4,3,0,4,4,3,2021-11-10 12:14:00+09,2021-11-10 12:14:00+09
95,Core i7 11700K,RTX 3060 Ti,4,4,3,0,4,4,3,2021-11-10 12:14:00+09,2021-11-10 12:14:00+09
96,Core i7 11700,RTX 3060 Ti,3,4,3,0,4,4,3,2021-11-10 12:14:00+09,2021-11-10 12:14:00+09
97,Core i7 10700K,RTX 3060 Ti,4,4,3,0,4,4,3,2021-11-10 12:14:00+09,2021-11-10 12:14:00+09
98,Core i7 10700,RTX 3060 Ti,3,4,3,0,4,4,3,2021-11-10 12:14:00+09,2021-11-10 12:14:00+09
99,Core i5 11400,RTX 3060 Ti,2,3,2,0,3,4,2,2021-11-10 12:14:00+09,2021-11-10 12:14:00+09
100,Core i5 10400,RTX 3060 Ti,2,3,2,0,2,2,2,2021-11-10 12:14:00+09,2021-11-10 12:14:00+09
101,Ryzen 9 5900X,RTX 3060 Ti,3,4,3,0,4,4,4,2021-11-10 12:14:00+09,2021-11-10 12:14:00+09
102,Ryzen 9 5950X,RTX 3060 Ti,4,4,3,0,4,4,4,2021-11-10 12:14:00+09,2021-11-10 12:14:00+09
103,Ryzen 7 5800X,RTX 3060 Ti,4,4,3,0,4,4,4,2021-11-10 12:14:00+09,2021-11-10 12:14:00+09
104,Ryzen 7 3700X,RTX 3060 Ti,3,4,3,0,4,4,4,2021-11-10 12:14:00+09,2021-11-10 12:14:00+09
105,Ryzen 5 5600X,RTX 3060 Ti,3,4,3,0,4,4,4,2021-11-10 12:14:00+09,2021-11-10 12:14:00+09
106,Ryzen 5 3600,RTX 3060 Ti,2,3,2,0,4,4,3,2021-11-10 12:14:00+09,2021-11-10 12:14:00+09
107,Ryzen 5 3500X,RTX 3060 Ti,2,3,2,0,3,3,2,2021-11-10 12:14:00+09,2021-11-10 12:14:00+09
108,Ryzen 5 3500,RTX 3060 Ti,2,3,2,0,2,3,2,2021-11-10 12:14:00+09,2021-11-10 12:14:00+09
109,Core i9 11900K,RX 6800,3,4,3,0,4,4,4,2021-11-10 12:14:00+09,2021-11-10 12:14:00+09
110,Core i9 11900,RX 6800,4,4,3,0,4,4,4,2021-11-10 12:14:00+09,2021-11-10 12:14:00+09
111,Core i9 10900K,RX 6800,4,4,3,0,4,4,4,2021-11-10 12:14:00+09,2021-11-10 12:14:00+09
112,Core i9 10900,RX 6800,4,4,3,0,4,4,3,2021-11-10 12:14:00+09,2021-11-10 12:14:00+09
113,Core i7 11700K,RX 6800,4,4,3,0,4,4,3,2021-11-10 12:14:00+09,2021-11-10 12:14:00+09
114,Core i7 11700,RX 6800,3,4,3,0,4,4,3,2021-11-10 12:14:00+09,2021-11-10 12:14:00+09
115,Core i7 10700K,RX 6800,4,4,3,0,4,4,3,2021-11-10 12:14:00+09,2021-11-10 12:14:00+09
116,Core i7 10700,RX 6800,3,4,3,0,4,4,3,2021-11-10 12:14:00+09,2021-11-10 12:14:00+09
117,Core i5 11400,RX 6800,2,3,2,0,3,4,2,2021-11-10 12:14:00+09,2021-11-10 12:14:00+09
118,Core i5 10400,RX 6800,2,3,2,0,2,2,2,2021-11-10 12:14:00+09,2021-11-10 12:14:00+09
119,Ryzen 9 5900X,RX 6800,3,4,3,0,4,4,4,2021-11-10 12:14:00+09,2021-11-10 12:14:00+09
120,Ryzen 9 5950X,RX 6800,4,4,3,0,4,4,4,2021-11-10 12:14:00+09,2021-11-10 12:14:00+09
121,Ryzen 7 5800X,RX 6800,4,4,3,0,4,4,4,2021-11-10 12:14:00+09,2021-11-10 12:14:00+09
122,Ryzen 7 3700X,RX 6800,3,4,3,0,4,4,4,2021-11-10 12:14:00+09,2021-11-10 12:14:00+09
123,Ryzen 5 5600X,RX 6800,3,4,3,0,4,4,4,2021-11-10 12:14:00+09,2021-11-10 12:14:00+09
124,Ryzen 5 3600,RX 6800,2,3,2,0,4,4,3,2021-11-10 12:14:00+09,2021-11-10 12:14:00+09
125,Ryzen 5 3500X,RX 6800,2,3,2,0,3,3,2,2021-11-10 12:14:00+09,2021-11-10 12:14:00+09
126,Ryzen 5 3500,RX 6800,2,3,2,0,2,3,2,2021-11-10 12:14:00+09,2021-11-10 12:14:00+09
127,Core i9 11900K,RTX 3060,3,4,3,0,4,4,4,2021-11-10 12:14:00+09,2021-11-10 12:14:00+09
128,Core i9 11900,RTX 3060,3,4,3,0,4,4,4,2021-11-10 12:14:00+09,2021-11-10 12:14:00+09
129,Core i9 10900K,RTX 3060,3,4,3,0,4,4,4,2021-11-10 12:14:00+09,2021-11-10 12:14:00+09
130,Core i9 10900,RTX 3060,3,4,3,0,4,4,3,2021-11-10 12:14:00+09,2021-11-10 12:14:00+09
131,Core i7 11700K,RTX 3060,4,4,3,0,4,4,3,2021-11-10 12:14:00+09,2021-11-10 12:14:00+09
132,Core i7 11700,RTX 3060,4,4,3,0,4,4,3,2021-11-10 12:14:00+09,2021-11-10 12:14:00+09
133,Core i7 10700K,RTX 3060,4,4,3,0,4,4,3,2021-11-10 12:14:00+09,2021-11-10 12:14:00+09
134,Core i7 10700,RTX 3060,4,4,2,0,4,4,3,2021-11-10 12:14:00+09,2021-11-10 12:14:00+09
135,Core i5 11400,RTX 3060,3,3,2,0,3,4,2,2021-11-10 12:14:00+09,2021-11-10 12:14:00+09
136,Core i5 10400,RTX 3060,3,3,1,0,2,2,2,2021-11-10 12:14:00+09,2021-11-10 12:14:00+09
137,Ryzen 9 5900X,RTX 3060,3,4,3,0,4,4,4,2021-11-10 12:14:00+09,2021-11-10 12:14:00+09
138,Ryzen 9 5950X,RTX 3060,3,4,3,0,4,4,4,2021-11-10 12:14:00+09,2021-11-10 12:14:00+09
139,Ryzen 7 5800X,RTX 3060,4,4,3,0,4,4,4,2021-11-10 12:14:00+09,2021-11-10 12:14:00+09
140,Ryzen 7 3700X,RTX 3060,4,4,3,0,4,4,4,2021-11-10 12:14:00+09,2021-11-10 12:14:00+09
141,Ryzen 5 5600X,RTX 3060,4,4,3,0,4,4,4,2021-11-10 12:14:00+09,2021-11-10 12:14:00+09
142,Ryzen 5 3600,RTX 3060,3,3,2,0,4,4,3,2021-11-10 12:14:00+09,2021-11-10 12:14:00+09
143,Ryzen 5 3500X,RTX 3060,3,3,1,0,3,3,2,2021-11-10 12:14:00+09,2021-11-10 12:14:00+09
144,Ryzen 5 3500,RTX 3060,3,3,1,0,2,3,2,2021-11-10 12:14:00+09,2021-11-10 12:14:00+09
145,Core i9 11900K,RX 5700 XT,3,4,3,0,4,4,4,2021-11-10 12:14:00+09,2021-11-10 12:14:00+09
146,Core i9 11900,RX 5700 XT,3,4,3,0,4,4,4,2021-11-10 12:14:00+09,2021-11-10 12:14:00+09
147,Core i9 10900K,RX 5700 XT,3,4,3,0,4,4,4,2021-11-10 12:14:00+09,2021-11-10 12:14:00+09
148,Core i9 10900,RX 5700 XT,3,4,3,0,4,4,3,2021-11-10 12:14:00+09,2021-11-10 12:14:00+09
149,Core i7 11700K,RX 5700 XT,4,4,3,0,4,4,3,2021-11-10 12:14:00+09,2021-11-10 12:14:00+09
150,Core i7 11700,RX 5700 XT,4,4,3,0,4,4,3,2021-11-10 12:14:00+09,2021-11-10 12:14:00+09
151,Core i7 10700K,RX 5700 XT,4,4,3,0,4,4,3,2021-11-10 12:14:00+09,2021-11-10 12:14:00+09
152,Core i7 10700,RX 5700 XT,4,4,2,0,4,4,3,2021-11-10 12:14:00+09,2021-11-10 12:14:00+09
153,Core i5 11400,RX 5700 XT,3,3,2,0,3,4,2,2021-11-10 12:14:00+09,2021-11-10 12:14:00+09
154,Core i5 10400,RX 5700 XT,3,3,1,0,2,2,2,2021-11-10 12:14:00+09,2021-11-10 12:14:00+09
155,Ryzen 9 5900X,RX 5700 XT,3,4,3,0,4,4,4,2021-11-10 12:14:00+09,2021-11-10 12:14:00+09
156,Ryzen 9 5950X,RX 5700 XT,3,4,3,0,4,4,4,2021-11-10 12:14:00+09,2021-11-10 12:14:00+09
157,Ryzen 7 5800X,RX 5700 XT,4,4,3,0,4,4,4,2021-11-10 12:14:00+09,2021-11-10 12:14:00+09
158,Ryzen 7 3700X,RX 5700 XT,4,4,3,0,4,4,4,2021-11-10 12:14:00+09,2021-11-10 12:14:00+09
159,Ryzen 5 5600X,RX 5700 XT,4,4,3,0,4,4,4,2021-11-10 12:14:00+09,2021-11-10 12:14:00+09
160,Ryzen 5 3600,RX 5700 XT,3,3,2,0,4,4,3,2021-11-10 12:14:00+09,2021-11-10 12:14:00+09
161,Ryzen 5 3500X,RX 5700 XT,3,3,1,0,3,3,2,2021-11-10 12:14:00+09,2021-11-10 12:14:00+09
162,Ryzen 5 3500,RX 5700 XT,3,3,1,0,2,3,2,2021-11-10 12:14:00+09,2021-11-10 12:14:00+09
163,Core i9 11900K,GTX 1660 Super,2,2,1,0,4,4,4,2021-11-10 12:14:00+09,2021-11-10 12:14:00+09
164,Core i9 11900,GTX 1660 Super,2,2,1,0,4,4,4,2021-11-10 12:14:00+09,2021-11-10 12:14:00+09
165,Core i9 10900K,GTX 1660 Super,2,2,1,0,4,4,4,2021-11-10 12:14:00+09,2021-11-10 12:14:00+09
166,Core i9 10900,GTX 1660 Super,2,2,1,0,4,4,3,2021-11-10 12:14:00+09,2021-11-10 12:14:00+09
167,Core i7 11700K,GTX 1660 Super,2,2,1,0,4,4,3,2021-11-10 12:14:00+09,2021-11-10 12:14:00+09
168,Core i7 11700,GTX 1660 Super,3,2,1,0,4,4,3,2021-11-10 12:14:00+09,2021-11-10 12:14:00+09
169,Core i7 10700K,GTX 1660 Super,3,2,1,0,4,4,3,2021-11-10 12:14:00+09,2021-11-10 12:14:00+09
170,Core i7 10700,GTX 1660 Super,4,2,1,0,4,4,3,2021-11-10 12:14:00+09,2021-11-10 12:14:00+09
171,Core i5 11400,GTX 1660 Super,4,2,1,0,3,4,2,2021-11-10 12:14:00+09,2021-11-10 12:14:00+09
172,Core i5 10400,GTX 1660 Super,4,1,1,0,2,2,2,2021-11-10 12:14:00+09,2021-11-10 12:14:00+09
173,Ryzen 9 5900X,GTX 1660 Super,2,2,1,0,4,4,4,2021-11-10 12:14:00+09,2021-11-10 12:14:00+09
174,Ryzen 9 5950X,GTX 1660 Super,2,2,1,0,4,4,4,2021-11-10 12:14:00+09,2021-11-10 12:14:00+09
175,Ryzen 7 5800X,GTX 1660 Super,3,2,1,0,4,4,4,2021-11-10 12:14:00+09,2021-11-10 12:14:00+09
176,Ryzen 7 3700X,GTX 1660 Super,3,2,1,0,4,4,4,2021-11-10 12:14:00+09,2021-11-10 12:14:00+09
177,Ryzen 5 5600X,GTX 1660 Super,3,2,1,0,4,4,4,2021-11-10 12:14:00+09,2021-11-10 12:14:00+09
178,Ryzen 5 3600,GTX 1660 Super,4,2,1,0,4,4,3,2021-11-10 12:14:00+09,2021-11-10 12:14:00+09
179,Ryzen 5 3500X,GTX 1660 Super,4,1,1,0,3,3,2,2021-11-10 12:14:00+09,2021-11-10 12:14:00+09
180,Ryzen 5 3500,GTX 1660 Super,3,1,1,0,2,3,2,2021-11-10 12:14:00+09,2021-11-10 12:14:00+09
181,Core i9 11900K,GTX 1650 Super,1,2,1,0,4,4,4,2021-11-10 12:14:00+09,2021-11-10 12:14:00+09
182,Core i9 11900,GTX 1650 Super,1,2,1,0,4,4,4,2021-11-10 12:14:00+09,2021-11-10 12:14:00+09
183,Core i9 10900K,GTX 1650 Super,1,2,1,0,4,4,4,2021-11-10 12:14:00+09,2021-11-10 12:14:00+09
184,Core i9 10900,GTX 1650 Super,1,2,1,0,4,4,3,2021-11-10 12:14:00+09,2021-11-10 12:14:00+09
185,Core i7 11700K,GTX 1650 Super,1,2,1,0,4,4,3,2021-11-10 12:14:00+09,2021-11-10 12:14:00+09
186,Core i7 11700,GTX 1650 Super,2,2,1,0,4,4,3,2021-11-10 12:14:00+09,2021-11-10 12:14:00+09
187,Core i7 10700K,GTX 1650 Super,2,2,1,0,4,4,3,2021-11-10 12:14:00+09,2021-11-10 12:14:00+09
188,Core i7 10700,GTX 1650 Super,3,2,1,0,4,4,3,2021-11-10 12:14:00+09,2021-11-10 12:14:00+09
189,Core i5 11400,GTX 1650 Super,4,1,1,0,3,4,2,2021-11-10 12:14:00+09,2021-11-10 12:14:00+09
190,Core i5 10400,GTX 1650 Super,4,1,1,0,2,2,2,2021-11-10 12:14:00+09,2021-11-10 12:14:00+09
191,Ryzen 9 5900X,GTX 1650 Super,1,2,1,0,4,4,4,2021-11-10 12:14:00+09,2021-11-10 12:14:00+09
192,Ryzen 9 5950X,GTX 1650 Super,1,2,1,0,4,4,4,2021-11-10 12:14:00+09,2021-11-10 12:14:00+09
193,Ryzen 7 5800X,GTX 1650 Super,2,2,1,0,4,4,4,2021-11-10 12:14:00+09,2021-11-10 12:14:00+09
194,Ryzen 7 3700X,GTX 1650 Super,3,2,1,0,4,4,4,2021-11-10 12:14:00+09,2021-11-10 12:14:00+09
195,Ryzen 5 5600X,GTX 1650 Super,3,2,1,0,4,4,4,2021-11-10 12:14:00+09,2021-11-10 12:14:00+09
196,Ryzen 5 3600,GTX 1650 Super,4,1,1,0,4,4,3,2021-11-10 12:14:00+09,2021-11-10 12:14:00+09
197,Ryzen 5 3500X,GTX 1650 Super,4,1,1,0,3,3,2,2021-11-10 12:14:00+09,2021-11-10 12:14:00+09
198,Ryzen 5 3500,GTX 1650 Super,4,1,1,0,2,3,2,2021-11-10 12:14:00+09,2021-11-10 12:14:00+09
199,Core i9 11900K,GTX 1650,1,1,1,0,4,4,4,2021-11-10 12:14:00+09,2021-11-10 12:14:00+09
200,Core i9 11900,GTX 1650,1,1,1,0,4,4,4,2021-11-10 12:14:00+09,2021-11-10 12:14:00+09
201,Core i9 10900K,GTX 1650,1,1,1,0,4,4,4,2021-11-10 12:14:00+09,2021-11-10 12:14:00+09
202,Core i9 10900,GTX 1650,1,1,1,0,4,4,3,2021-11-10 12:14:00+09,2021-11-10 12:14:00+09
203,Core i7 11700K,GTX 1650,1,1,1,0,4,4,3,2021-11-10 12:14:00+09,2021-11-10 12:14:00+09
204,Core i7 11700,GTX 1650,2,1,1,0,4,4,3,2021-11-10 12:14:00+09,2021-11-10 12:14:00+09
205,Core i7 10700K,GTX 1650,2,1,1,0,4,4,3,2021-11-10 12:14:00+09,2021-11-10 12:14:00+09
206,Core i7 10700,GTX 1650,3,1,1,0,4,4,3,2021-11-10 12:14:00+09,2021-11-10 12:14:00+09
207,Core i5 11400,GTX 1650,4,1,1,0,3,4,2,2021-11-10 12:14:00+09,2021-11-10 12:14:00+09
208,Core i5 10400,GTX 1650,4,1,1,0,2,2,2,2021-11-10 12:14:00+09,2021-11-10 12:14:00+09
209,Ryzen 9 5900X,GTX 1650,1,1,1,0,4,4,4,2021-11-10 12:14:00+09,2021-11-10 12:14:00+09
210,Ryzen 9 5950X,GTX 1650,1,1,1,0,4,4,4,2021-11-10 12:14:00+09,2021-11-10 12:14:00+09
211,Ryzen 7 5800X,GTX 1650,2,1,1,0,4,4,4,2021-11-10 12:14:00+09,2021-11-10 12:14:00+09
212,Ryzen 7 3700X,GTX 1650,3,1,1,0,4,4,4,2021-11-10 12:14:00+09,2021-11-10 12:14:00+09
213,Ryzen 5 5600X,GTX 1650,3,1,1,0,4,4,4,2021-11-10 12:14:00+09,2021-11-10 12:14:00+09
214,Ryzen 5 3600,GTX 1650,4,1,1,0,4,4,3,2021-11-10 12:14:00+09,2021-11-10 12:14:00+09
215,Ryzen 5 3500X,GTX 1650,4,1,1,0,3,3,2,2021-11-10 12:14:00+09,2021-11-10 12:14:00+09
216,Ryzen 5 3500,GTX 1650,4,1,1,0,2,3,2,2021-11-10 12:14:00+09,2021-11-10 12:14:00+09
217,Core i9 10900K,RTX 2080 Ti,4,0,4,1,4,0,0,2021-11-10 12:14:00+09,2021-11-10 12:14:00+09
218,Core i9 10900K,RTX 2080 Super,4,0,4,2,4,0,0,2021-11-10 12:14:00+09,2021-11-10 12:14:00+09
219,Core i9 10900K,RTX 2080,3,0,3,4,4,0,0,2021-11-10 12:14:00+09,2021-11-10 12:14:00+09
220,Core i9 10900K,RTX 2070 Super,3,0,3,4,4,0,0,2021-11-10 12:14:00+09,2021-11-10 12:14:00+09
221,Core i9 10900K,RTX 2070,2,0,2,5,4,0,0,2021-11-10 12:14:00+09,2021-11-10 12:14:00+09
222,Core i9 10900K,RTX 2060 Super,2,0,2,5,4,0,0,2021-11-10 12:14:00+09,2021-11-10 12:14:00+09
223,Core i9 10900K,RTX 2060,1,0,1,7,3,0,0,2021-11-10 12:14:00+09,2021-11-10 12:14:00+09
224,Core i9 10900K,GTX 1660 Ti,1,0,1,8,3,0,0,2021-11-10 12:14:00+09,2021-11-10 12:14:00+09
225,Core i9 10900K,GTX 1660 Super,1,0,1,8,3,0,0,2021-11-10 12:14:00+09,2021-11-10 12:14:00+09
226,Core i9 10900K,GTX 1660,1,0,1,9,3,0,0,2021-11-10 12:14:00+09,2021-11-10 12:14:00+09
227,Core i9 10900K,GTX 1650 Super,1,0,1,10,2,0,0,2021-11-10 12:14:00+09,2021-11-10 12:14:00+09
228,Core i9 10900K,GTX 1650,1,0,1,10,2,0,0,2021-11-10 12:14:00+09,2021-11-10 12:14:00+09
229,Core i7 10700K,RTX 2080 Ti,4,0,4,2,4,0,0,2021-11-10 12:14:00+09,2021-11-10 12:14:00+09
230,Core i7 10700K,RTX 2080 Super,4,0,4,3,4,0,0,2021-11-10 12:14:00+09,2021-11-10 12:14:00+09
231,Core i7 10700K,RTX 2080,4,0,3,4,4,0,0,2021-11-10 12:14:00+09,2021-11-10 12:14:00+09
232,Core i7 10700K,RTX 2070 Super,4,0,3,4,4,0,0,2021-11-10 12:14:00+09,2021-11-10 12:14:00+09
233,Core i7 10700K,RTX 2070,3,0,2,5,4,0,0,2021-11-10 12:14:00+09,2021-11-10 12:14:00+09
234,Core i7 10700K,RTX 2060 Super,3,0,2,5,4,0,0,2021-11-10 12:14:00+09,2021-11-10 12:14:00+09
235,Core i7 10700K,RTX 2060,2,0,1,7,3,0,0,2021-11-10 12:14:00+09,2021-11-10 12:14:00+09
236,Core i7 10700K,GTX 1660 Ti,2,0,1,8,3,0,0,2021-11-10 12:14:00+09,2021-11-10 12:14:00+09
237,Core i7 10700K,GTX 1660 Super,2,0,1,8,3,0,0,2021-11-10 12:14:00+09,2021-11-10 12:14:00+09
238,Core i7 10700K,GTX 1660,1,0,1,9,3,0,0,2021-11-10 12:14:00+09,2021-11-10 12:14:00+09
239,Core i7 10700K,GTX 1650 Super,1,0,1,10,2,0,0,2021-11-10 12:14:00+09,2021-11-10 12:14:00+09
240,Core i7 10700K,GTX 1650,1,0,1,10,2,0,0,2021-11-10 12:14:00+09,2021-11-10 12:14:00+09
241,Core i7 10700,RTX 2080 Ti,3,0,4,3,4,0,0,2021-11-10 12:14:00+09,2021-11-10 12:14:00+09
242,Core i7 10700,RTX 2080 Super,3,0,4,4,4,0,0,2021-11-10 12:14:00+09,2021-11-10 12:14:00+09
243,Core i7 10700,RTX 2080,4,0,3,5,4,0,0,2021-11-10 12:14:00+09,2021-11-10 12:14:00+09
244,Core i7 10700,RTX 2070 Super,4,0,3,5,4,0,0,2021-11-10 12:14:00+09,2021-11-10 12:14:00+09
245,Core i7 10700,RTX 2070,4,0,2,6,4,0,0,2021-11-10 12:14:00+09,2021-11-10 12:14:00+09
246,Core i7 10700,RTX 2060 Super,4,0,2,6,4,0,0,2021-11-10 12:14:00+09,2021-11-10 12:14:00+09
247,Core i7 10700,RTX 2060,3,0,1,7,3,0,0,2021-11-10 12:14:00+09,2021-11-10 12:14:00+09
248,Core i7 10700,GTX 1660 Ti,3,0,1,8,3,0,0,2021-11-10 12:14:00+09,2021-11-10 12:14:00+09
249,Core i7 10700,GTX 1660 Super,3,0,1,8,3,0,0,2021-11-10 12:14:00+09,2021-11-10 12:14:00+09
250,Core i7 10700,GTX 1660,2,0,1,9,3,0,0,2021-11-10 12:14:00+09,2021-11-10 12:14:00+09
251,Core i7 10700,GTX 1650 Super,2,0,1,10,2,0,0,2021-11-10 12:14:00+09,2021-11-10 12:14:00+09
252,Core i7 10700,GTX 1650,1,0,1,10,2,0,0,2021-11-10 12:14:00+09,2021-11-10 12:14:00+09
253,Core i5 10400,RTX 2080 Ti,1,0,2,5,3,0,0,2021-11-10 12:14:00+09,2021-11-10 12:14:00+09
254,Core i5 10400,RTX 2080 Super,1,0,2,5,3,0,0,2021-11-10 12:14:00+09,2021-11-10 12:14:00+09
255,Core i5 10400,RTX 2080,1,0,2,6,3,0,0,2021-11-10 12:14:00+09,2021-11-10 12:14:00+09
256,Core i5 10400,RTX 2070 Super,2,0,1,6,3,0,0,2021-11-10 12:14:00+09,2021-11-10 12:14:00+09
257,Core i5 10400,RTX 2070,2,0,1,7,3,0,0,2021-11-10 12:14:00+09,2021-11-10 12:14:00+09
258,Core i5 10400,RTX 2060 Super,3,0,1,7,3,0,0,2021-11-10 12:14:00+09,2021-11-10 12:14:00+09
259,Core i5 10400,RTX 2060,4,0,1,8,3,0,0,2021-11-10 12:14:00+09,2021-11-10 12:14:00+09
260,Core i5 10400,GTX 1660 Ti,4,0,1,9,3,0,0,2021-11-10 12:14:00+09,2021-11-10 12:14:00+09
261,Core i5 10400,GTX 1660 Super,4,0,1,9,3,0,0,2021-11-10 12:14:00+09,2021-11-10 12:14:00+09
262,Core i5 10400,GTX 1660,4,0,1,10,2,0,0,2021-11-10 12:14:00+09,2021-11-10 12:14:00+09
263,Core i5 10400,GTX 1650 Super,4,0,1,10,2,0,0,2021-11-10 12:14:00+09,2021-11-10 12:14:00+09
264,Core i5 10400,GTX 1650,4,0,1,11,2,0,0,2021-11-10 12:14:00+09,2021-11-10 12:14:00+09
265,Ryzen 9 3900X,RTX 2080 Ti,3,0,4,4,4,0,0,2021-11-10 12:14:00+09,2021-11-10 12:14:00+09
266,Ryzen 9 3900X,RTX 2080 Super,4,0,4,5,4,0,0,2021-11-10 12:14:00+09,2021-11-10 12:14:00+09
267,Ryzen 9 3900X,RTX 2080,4,0,3,6,4,0,0,2021-11-10 12:14:00+09,2021-11-10 12:14:00+09
268,Ryzen 9 3900X,RTX 2070 Super,4,0,3,6,4,0,0,2021-11-10 12:14:00+09,2021-11-10 12:14:00+09
269,Ryzen 9 3900X,RTX 2070,3,0,3,6,4,0,0,2021-11-10 12:14:00+09,2021-11-10 12:14:00+09
270,Ryzen 9 3900X,RTX 2060 Super,2,0,2,7,4,0,0,2021-11-10 12:14:00+09,2021-11-10 12:14:00+09
271,Ryzen 9 3900X,RTX 2060,2,0,2,7,4,0,0,2021-11-10 12:14:00+09,2021-11-10 12:14:00+09
272,Ryzen 9 3900X,GTX 1660 Ti,2,0,1,8,4,0,0,2021-11-10 12:14:00+09,2021-11-10 12:14:00+09
273,Ryzen 9 3900X,GTX 1660 Super,2,0,1,8,3,0,0,2021-11-10 12:14:00+09,2021-11-10 12:14:00+09
274,Ryzen 9 3900X,GTX 1660,1,0,1,9,3,0,0,2021-11-10 12:14:00+09,2021-11-10 12:14:00+09
275,Ryzen 9 3900X,GTX 1650 Super,1,0,1,10,3,0,0,2021-11-10 12:14:00+09,2021-11-10 12:14:00+09
276,Ryzen 9 3900X,GTX 1650,1,0,1,10,2,0,0,2021-11-10 12:14:00+09,2021-11-10 12:14:00+09
277,Ryzen 7 3700X,RTX 2080 Ti,2,0,4,4,4,0,0,2021-11-10 12:14:00+09,2021-11-10 12:14:00+09
278,Ryzen 7 3700X,RTX 2080 Super,3,0,4,5,4,0,0,2021-11-10 12:14:00+09,2021-11-10 12:14:00+09
279,Ryzen 7 3700X,RTX 2080,3,0,3,6,4,0,0,2021-11-10 12:14:00+09,2021-11-10 12:14:00+09
280,Ryzen 7 3700X,RTX 2070 Super,4,0,3,6,4,0,0,2021-11-10 12:14:00+09,2021-11-10 12:14:00+09
281,Ryzen 7 3700X,RTX 2070,4,0,2,6,4,0,0,2021-11-10 12:14:00+09,2021-11-10 12:14:00+09
282,Ryzen 7 3700X,RTX 2060 Super,4,0,2,7,4,0,0,2021-11-10 12:14:00+09,2021-11-10 12:14:00+09
283,Ryzen 7 3700X,RTX 2060,4,0,2,7,4,0,0,2021-11-10 12:14:00+09,2021-11-10 12:14:00+09
284,Ryzen 7 3700X,GTX 1660 Ti,3,0,1,8,4,0,0,2021-11-10 12:14:00+09,2021-11-10 12:14:00+09
285,Ryzen 7 3700X,GTX 1660 Super,3,0,1,8,3,0,0,2021-11-10 12:14:00+09,2021-11-10 12:14:00+09
286,Ryzen 7 3700X,GTX 1660,3,0,1,9,3,0,0,2021-11-10 12:14:00+09,2021-11-10 12:14:00+09
287,Ryzen 7 3700X,GTX 1650 Super,2,0,1,10,3,0,0,2021-11-10 12:14:00+09,2021-11-10 12:14:00+09
288,Ryzen 7 3700X,GTX 1650,1,0,1,10,2,0,0,2021-11-10 12:14:00+09,2021-11-10 12:14:00+09
289,Ryzen 5 3600,RTX 2080 Ti,1,0,2,6,4,0,0,2021-11-10 12:14:00+09,2021-11-10 12:14:00+09
290,Ryzen 5 3600,RTX 2080 Super,1,0,2,6,4,0,0,2021-11-10 12:14:00+09,2021-11-10 12:14:00+09
291,Ryzen 5 3600,RTX 2080,1,0,2,7,4,0,0,2021-11-10 12:14:00+09,2021-11-10 12:14:00+09
292,Ryzen 5 3600,RTX 2070 Super,2,0,2,7,4,0,0,2021-11-10 12:14:00+09,2021-11-10 12:14:00+09
293,Ryzen 5 3600,RTX 2070,2,0,1,8,3,0,0,2021-11-10 12:14:00+09,2021-11-10 12:14:00+09
294,Ryzen 5 3600,RTX 2060 Super,2,0,1,8,3,0,0,2021-11-10 12:14:00+09,2021-11-10 12:14:00+09
295,Ryzen 5 3600,RTX 2060,3,0,1,9,3,0,0,2021-11-10 12:14:00+09,2021-11-10 12:14:00+09
296,Ryzen 5 3600,GTX 1660 Ti,4,0,1,9,3,0,0,2021-11-10 12:14:00+09,2021-11-10 12:14:00+09
297,Ryzen 5 3600,GTX 1660 Super,4,0,1,9,3,0,0,2021-11-10 12:14:00+09,2021-11-10 12:14:00+09
298,Ryzen 5 3600,GTX 1660,4,0,1,10,3,0,0,2021-11-10 12:14:00+09,2021-11-10 12:14:00+09
299,Ryzen 5 3600,GTX 1650 Super,4,0,1,10,2,0,0,2021-11-10 12:14:00+09,2021-11-10 12:14:00+09
300,Ryzen 5 3600,GTX 1650,3,0,1,12,2,0,0,2021-11-10 12:14:00+09,2021-11-10 12:14:00+09
301,Ryzen 5 3500,RTX 2080 Ti,1,0,2,6,4,0,0,2021-11-10 12:14:00+09,2021-11-10 12:14:00+09
302,Ryzen 5 3500,RTX 2080 Super,1,0,2,6,4,0,0,2021-11-10 12:14:00+09,2021-11-10 12:14:00+09
303,Ryzen 5 3500,RTX 2080,1,0,2,7,4,0,0,2021-11-10 12:14:00+09,2021-11-10 12:14:00+09
304,Ryzen 5 3500,RTX 2070 Super,1,0,1,7,4,0,0,2021-11-10 12:14:00+09,2021-11-10 12:14:00+09
305,Ryzen 5 3500,RTX 2070,2,0,1,8,3,0,0,2021-11-10 12:14:00+09,2021-11-10 12:14:00+09
306,Ryzen 5 3500,RTX 2060 Super,2,0,1,8,3,0,0,2021-11-10 12:14:00+09,2021-11-10 12:14:00+09
307,Ryzen 5 3500,RTX 2060,3,0,1,9,3,0,0,2021-11-10 12:14:00+09,2021-11-10 12:14:00+09
308,Ryzen 5 3500,GTX 1660 Ti,3,0,1,9,3,0,0,2021-11-10 12:14:00+09,2021-11-10 12:14:00+09
309,Ryzen 5 3500,GTX 1660 Super,3,0,1,9,3,0,0,2021-11-10 12:14:00+09,2021-11-10 12:14:00+09
310,Ryzen 5 3500,GTX 1660,4,0,1,10,2,0,0,2021-11-10 12:14:00+09,2021-11-10 12:14:00+09
311,Ryzen 5 3500,GTX 1650 Super,4,0,1,11,2,0,0,2021-11-10 12:14:00+09,2021-11-10 12:14:00+09
312,Ryzen 5 3500,GTX 1650,1,0,1,12,2,0,0,2021-11-10 12:14:00+09,2021-11-10 12:14:00+09
313,Core i9 9900K,RTX 2080 Ti,4,0,4,2,4,0,0,2021-11-10 12:14:00+09,2021-11-10 12:14:00+09
314,Core i9 9900K,RTX 2080 Super,4,0,4,4,4,0,0,2021-11-10 12:14:00+09,2021-11-10 12:14:00+09
315,Core i9 9900K,RTX 2080,4,0,3,5,4,0,0,2021-11-10 12:14:00+09,2021-11-10 12:14:00+09
316,Core i9 9900K,RTX 2070 Super,3,0,3,5,4,0,0,2021-11-10 12:14:00+09,2021-11-10 12:14:00+09
317,Core i9 9900K,RTX 2070,3,0,2,6,4,0,0,2021-11-10 12:14:00+09,2021-11-10 12:14:00+09
318,Core i9 9900K,RTX 2060 Super,2,0,2,6,4,0,0,2021-11-10 12:14:00+09,2021-11-10 12:14:00+09
319,Core i9 9900K,RTX 2060,2,0,2,7,4,0,0,2021-11-10 12:14:00+09,2021-11-10 12:14:00+09
320,Core i9 9900K,GTX 1660 Ti,1,0,1,8,4,0,0,2021-11-10 12:14:00+09,2021-11-10 12:14:00+09
321,Core i9 9900K,GTX 1660 Super,1,0,1,8,4,0,0,2021-11-10 12:14:00+09,2021-11-10 12:14:00+09
322,Core i9 9900K,GTX 1660,1,0,1,9,4,0,0,2021-11-10 12:14:00+09,2021-11-10 12:14:00+09
323,Core i9 9900K,GTX 1650 Super,1,0,1,10,4,0,0,2021-11-10 12:14:00+09,2021-11-10 12:14:00+09
324,Core i9 9900K,GTX 1650,1,0,1,10,4,0,0,2021-11-10 12:14:00+09,2021-11-10 12:14:00+09
325,Core i7 9700K,RTX 2080 Ti,3,0,4,4,4,0,0,2021-11-10 12:14:00+09,2021-11-10 12:14:00+09
326,Core i7 9700K,RTX 2080 Super,3,0,4,4,4,0,0,2021-11-10 12:14:00+09,2021-11-10 12:14:00+09
327,Core i7 9700K,RTX 2080,3,0,3,5,4,0,0,2021-11-10 12:14:00+09,2021-11-10 12:14:00+09
328,Core i7 9700K,RTX 2070 Super,3,0,3,5,3,0,0,2021-11-10 12:14:00+09,2021-11-10 12:14:00+09
329,Core i7 9700K,RTX 2070,4,0,2,7,3,0,0,2021-11-10 12:14:00+09,2021-11-10 12:14:00+09
330,Core i7 9700K,RTX 2060 Super,4,0,2,7,3,0,0,2021-11-10 12:14:00+09,2021-11-10 12:14:00+09
331,Core i7 9700K,RTX 2060,4,0,1,8,3,0,0,2021-11-10 12:14:00+09,2021-11-10 12:14:00+09
332,Core i7 9700K,GTX 1660 Ti,3,0,1,8,3,0,0,2021-11-10 12:14:00+09,2021-11-10 12:14:00+09
333,Core i7 9700K,GTX 1660 Super,3,0,1,8,3,0,0,2021-11-10 12:14:00+09,2021-11-10 12:14:00+09
334,Core i7 9700K,GTX 1660,2,0,1,9,3,0,0,2021-11-10 12:14:00+09,2021-11-10 12:14:00+09
335,Core i7 9700K,GTX 1650 Super,2,0,1,10,3,0,0,2021-11-10 12:14:00+09,2021-11-10 12:14:00+09
336,Core i7 9700K,GTX 1650,1,0,1,10,3,0,0,2021-11-10 12:14:00+09,2021-11-10 12:14:00+09
337,Core i7 9700,RTX 2080 Ti,2,0,3,4,3,0,0,2021-11-10 12:14:00+09,2021-11-10 12:14:00+09
338,Core i7 9700,RTX 2080 Super,2,0,3,5,3,0,0,2021-11-10 12:14:00+09,2021-11-10 12:14:00+09
339,Core i7 9700,RTX 2080,3,0,2,5,3,0,0,2021-11-10 12:14:00+09,2021-11-10 12:14:00+09
340,Core i7 9700,RTX 2070 Super,3,0,2,5,3,0,0,2021-11-10 12:14:00+09,2021-11-10 12:14:00+09
341,Core i7 9700,RTX 2070,4,0,2,7,3,0,0,2021-11-10 12:14:00+09,2021-11-10 12:14:00+09
342,Core i7 9700,RTX 2060 Super,4,0,1,7,3,0,0,2021-11-10 12:14:00+09,2021-11-10 12:14:00+09
343,Core i7 9700,RTX 2060,4,0,1,8,3,0,0,2021-11-10 12:14:00+09,2021-11-10 12:14:00+09
344,Core i7 9700,GTX 1660 Ti,4,0,1,8,3,0,0,2021-11-10 12:14:00+09,2021-11-10 12:14:00+09
345,Core i7 9700,GTX 1660 Super,4,0,1,8,3,0,0,2021-11-10 12:14:00+09,2021-11-10 12:14:00+09
346,Core i7 9700,GTX 1660,3,0,1,9,2,0,0,2021-11-10 12:14:00+09,2021-11-10 12:14:00+09
347,Core i7 9700,GTX 1650 Super,3,0,1,10,2,0,0,2021-11-10 12:14:00+09,2021-11-10 12:14:00+09
348,Core i7 9700,GTX 1650,3,0,1,10,2,0,0,2021-11-10 12:14:00+09,2021-11-10 12:14:00+09
349,Core i5 9400,RTX 2080 Ti,1,0,2,6,2,0,0,2021-11-10 12:14:00+09,2021-11-10 12:14:00+09
350,Core i5 9400,RTX 2080 Super,1,0,2,7,2,0,0,2021-11-10 12:14:00+09,2021-11-10 12:14:00+09
351,Core i5 9400,RTX 2080,1,0,1,7,2,0,0,2021-11-10 12:14:00+09,2021-11-10 12:14:00+09
352,Core i5 9400,RTX 2070 Super,1,0,1,7,2,0,0,2021-11-10 12:14:00+09,2021-11-10 12:14:00+09
353,Core i5 9400,RTX 2070,1,0,1,8,2,0,0,2021-11-10 12:14:00+09,2021-11-10 12:14:00+09
354,Core i5 9400,RTX 2060 Super,1,0,1,8,2,0,0,2021-11-10 12:14:00+09,2021-11-10 12:14:00+09
355,Core i5 9400,RTX 2060,2,0,1,9,2,0,0,2021-11-10 12:14:00+09,2021-11-10 12:14:00+09
356,Core i5 9400,GTX 1660 Ti,2,0,1,9,2,0,0,2021-11-10 12:14:00+09,2021-11-10 12:14:00+09
357,Core i5 9400,GTX 1660 Super,3,0,1,9,2,0,0,2021-11-10 12:14:00+09,2021-11-10 12:14:00+09
358,Core i5 9400,GTX 1660,3,0,1,10,2,0,0,2021-11-10 12:14:00+09,2021-11-10 12:14:00+09
359,Core i5 9400,GTX 1650 Super,4,0,1,10,1,0,0,2021-11-10 12:14:00+09,2021-11-10 12:14:00+09
360,Core i5 9400,GTX 1650,4,0,1,11,1,0,0,2021-11-10 12:14:00+09,2021-11-10 12:14:00+09
361,Core i9 9900K,GTX 1080 Ti,3,0,3,4,3,0,0,2021-11-10 12:14:00+09,2021-11-10 12:14:00+09
362,Core i9 9900K,GTX 1080 ,3,0,3,5,3,0,0,2021-11-10 12:14:00+09,2021-11-10 12:14:00+09
363,Core i9 9900K,GTX 1070 Ti,2,0,2,5,3,0,0,2021-11-10 12:14:00+09,2021-11-10 12:14:00+09
364,Core i9 9900K,GTX 1070,2,0,2,6,3,0,0,2021-11-10 12:14:00+09,2021-11-10 12:14:00+09
365,Core i9 9900K,GTX 1060 6GB,1,0,1,7,3,0,0,2021-11-10 12:14:00+09,2021-11-10 12:14:00+09
366,Core i9 9900K,GTX 1060 3GB,1,0,1,7,3,0,0,2021-11-10 12:14:00+09,2021-11-10 12:14:00+09
367,Core i9 9900K,GTX 1050 Ti,1,0,1,8,2,0,0,2021-11-10 12:14:00+09,2021-11-10 12:14:00+09
368,Core i9 9900K,GTX 1050,1,0,1,8,2,0,0,2021-11-10 12:14:00+09,2021-11-10 12:14:00+09
369,Core i7 9700K,GTX 1080 Ti,3,0,3,4,3,0,0,2021-11-10 12:14:00+09,2021-11-10 12:14:00+09
370,Core i7 9700K,GTX 1080 ,3,0,3,5,3,0,0,2021-11-10 12:14:00+09,2021-11-10 12:14:00+09
371,Core i7 9700K,GTX 1070 Ti,2,0,2,5,3,0,0,2021-11-10 12:14:00+09,2021-11-10 12:14:00+09
372,Core i7 9700K,GTX 1070,2,0,2,6,3,0,0,2021-11-10 12:14:00+09,2021-11-10 12:14:00+09
373,Core i7 9700K,GTX 1060 6GB,1,0,1,7,3,0,0,2021-11-10 12:14:00+09,2021-11-10 12:14:00+09
374,Core i7 9700K,GTX 1060 3GB,1,0,1,7,3,0,0,2021-11-10 12:14:00+09,2021-11-10 12:14:00+09
375,Core i7 9700K,GTX 1050 Ti,1,0,1,8,2,0,0,2021-11-10 12:14:00+09,2021-11-10 12:14:00+09
376,Core i7 9700K,GTX 1050,1,0,1,8,2,0,0,2021-11-10 12:14:00+09,2021-11-10 12:14:00+09
377,Core i5 9600K,GTX 1080 Ti,2,0,2,5,3,0,0,2021-11-10 12:14:00+09,2021-11-10 12:14:00+09
378,Core i5 9600K,GTX 1080 ,2,0,2,5,3,0,0,2021-11-10 12:14:00+09,2021-11-10 12:14:00+09
379,Core i5 9600K,GTX 1070 Ti,2,0,2,5,3,0,0,2021-11-10 12:14:00+09,2021-11-10 12:14:00+09
380,Core i5 9600K,GTX 1070,2,0,1,5,3,0,0,2021-11-10 12:14:00+09,2021-11-10 12:14:00+09
381,Core i5 9600K,GTX 1060 6GB,3,0,1,6,3,0,0,2021-11-10 12:14:00+09,2021-11-10 12:14:00+09
382,Core i5 9600K,GTX 1060 3GB,3,0,1,6,3,0,0,2021-11-10 12:14:00+09,2021-11-10 12:14:00+09
383,Core i5 9600K,GTX 1050 Ti,3,0,1,7,2,0,0,2021-11-10 12:14:00+09,2021-11-10 12:14:00+09
384,Core i5 9600K,GTX 1050,3,0,1,7,2,0,0,2021-11-10 12:14:00+09,2021-11-10 12:14:00+09
385,Core i7 8700K,RTX 2080 Ti,2,0,3,4,3,0,0,2021-11-10 12:14:00+09,2021-11-10 12:14:00+09
386,Core i7 8700K,RTX 2080,2,0,3,5,3,0,0,2021-11-10 12:14:00+09,2021-11-10 12:14:00+09
387,Core i7 8700K,RTX 2070,3,0,3,5,3,0,0,2021-11-10 12:14:00+09,2021-11-10 12:14:00+09
388,Core i7 8700K,RTX 2060,3,0,2,6,3,0,0,2021-11-10 12:14:00+09,2021-11-10 12:14:00+09
389,Core i7 8700K,GTX 1080 Ti,2,0,3,5,3,0,0,2021-11-10 12:14:00+09,2021-11-10 12:14:00+09
390,Core i7 8700K,GTX 1080 ,3,0,3,5,3,0,0,2021-11-10 12:14:00+09,2021-11-10 12:14:00+09
391,Core i7 8700K,GTX 1070 Ti,3,0,2,5,3,0,0,2021-11-10 12:14:00+09,2021-11-10 12:14:00+09
392,Core i7 8700K,GTX 1070,3,0,1,5,3,0,0,2021-11-10 12:14:00+09,2021-11-10 12:14:00+09
393,Core i7 8700K,GTX 1060 6GB,2,0,1,5,3,0,0,2021-11-10 12:14:00+09,2021-11-10 12:14:00+09
394,Core i7 8700K,GTX 1060 3GB,2,0,1,7,3,0,0,2021-11-10 12:14:00+09,2021-11-10 12:14:00+09
395,Core i7 8700K,GTX 1050 Ti,2,0,1,7,2,0,0,2021-11-10 12:14:00+09,2021-11-10 12:14:00+09
396,Core i7 8700K,GTX 1050,2,0,1,7,2,0,0,2021-11-10 12:14:00+09,2021-11-10 12:14:00+09
397,Core i7 8700K,GTX 980 Ti,4,0,0,5,3,0,0,2021-11-10 12:14:00+09,2021-11-10 12:14:00+09
398,Core i7 8700K,GTX 980,3,0,0,5,3,0,0,2021-11-10 12:14:00+09,2021-11-10 12:14:00+09
399,Core i7 8700K,GTX 970,2,0,0,6,3,0,0,2021-11-10 12:14:00+09,2021-11-10 12:14:00+09
400,Core i7 8700K,GTX 960,2,0,0,9,3,0,0,2021-11-10 12:14:00+09,2021-11-10 12:14:00+09
401,Core i7 8700K,GTX 950,1,0,0,9,3,0,0,2021-11-10 12:14:00+09,2021-11-10 12:14:00+09
402,Core i7 8700K,GTX 750 Ti,1,0,0,10,2,0,0,2021-11-10 12:14:00+09,2021-11-10 12:14:00+09
403,Core i7 8700K,GTX 750,1,0,0,11,2,0,0,2021-11-10 12:14:00+09,2021-11-10 12:14:00+09
404,Core i7 8700,RTX 2080 Ti,2,0,3,5,3,0,0,2021-11-10 12:14:00+09,2021-11-10 12:14:00+09
405,Core i7 8700,RTX 2080,2,0,3,5,3,0,0,2021-11-10 12:14:00+09,2021-11-10 12:14:00+09
406,Core i7 8700,RTX 2070,2,0,3,5,3,0,0,2021-11-10 12:14:00+09,2021-11-10 12:14:00+09
407,Core i7 8700,RTX 2060,3,0,2,6,3,0,0,2021-11-10 12:14:00+09,2021-11-10 12:14:00+09
408,Core i7 8700,GTX 1080 Ti,2,0,3,5,3,0,0,2021-11-10 12:14:00+09,2021-11-10 12:14:00+09
409,Core i7 8700,GTX 1080 ,2,0,2,5,3,0,0,2021-11-10 12:14:00+09,2021-11-10 12:14:00+09
410,Core i7 8700,GTX 1070 Ti,3,0,2,5,3,0,0,2021-11-10 12:14:00+09,2021-11-10 12:14:00+09
411,Core i7 8700,GTX 1070,3,0,1,5,3,0,0,2021-11-10 12:14:00+09,2021-11-10 12:14:00+09
412,Core i7 8700,GTX 1060 6GB,3,0,1,5,3,0,0,2021-11-10 12:14:00+09,2021-11-10 12:14:00+09
413,Core i7 8700,GTX 1060 3GB,3,0,1,7,3,0,0,2021-11-10 12:14:00+09,2021-11-10 12:14:00+09
414,Core i7 8700,GTX 1050 Ti,3,0,1,7,2,0,0,2021-11-10 12:14:00+09,2021-11-10 12:14:00+09
415,Core i7 8700,GTX 1050,2,0,1,7,2,0,0,2021-11-10 12:14:00+09,2021-11-10 12:14:00+09
416,Core i7 8700,GTX 980 Ti,3,0,0,6,3,0,0,2021-11-10 12:14:00+09,2021-11-10 12:14:00+09
417,Core i7 8700,GTX 980,3,0,0,6,3,0,0,2021-11-10 12:14:00+09,2021-11-10 12:14:00+09
418,Core i7 8700,GTX 970,2,0,0,8,3,0,0,2021-11-10 12:14:00+09,2021-11-10 12:14:00+09
419,Core i7 8700,GTX 960,2,0,0,8,3,0,0,2021-11-10 12:14:00+09,2021-11-10 12:14:00+09
420,Core i7 8700,GTX 950,1,0,0,10,3,0,0,2021-11-10 12:14:00+09,2021-11-10 12:14:00+09
421,Core i7 8700,GTX 750 Ti,1,0,0,11,2,0,0,2021-11-10 12:14:00+09,2021-11-10 12:14:00+09
422,Core i7 8700,GTX 750,1,0,0,12,2,0,0,2021-11-10 12:14:00+09,2021-11-10 12:14:00+09
423,Core i5 8600K,RTX 2080 Ti,1,0,3,5,3,0,0,2021-11-10 12:14:00+09,2021-11-10 12:14:00+09
424,Core i5 8600K,RTX 2080,1,0,3,6,3,0,0,2021-11-10 12:14:00+09,2021-11-10 12:14:00+09
425,Core i5 8600K,RTX 2070,2,0,2,6,3,0,0,2021-11-10 12:14:00+09,2021-11-10 12:14:00+09
426,Core i5 8600K,RTX 2060,3,0,2,6,3,0,0,2021-11-10 12:14:00+09,2021-11-10 12:14:00+09
427,Core i5 8600K,GTX 1080 Ti,1,0,3,5,3,0,0,2021-11-10 12:14:00+09,2021-11-10 12:14:00+09
428,Core i5 8600K,GTX 1080 ,1,0,2,6,3,0,0,2021-11-10 12:14:00+09,2021-11-10 12:14:00+09
429,Core i5 8600K,GTX 1070 Ti,2,0,2,6,3,0,0,2021-11-10 12:14:00+09,2021-11-10 12:14:00+09
430,Core i5 8600K,GTX 1070,3,0,1,6,3,0,0,2021-11-10 12:14:00+09,2021-11-10 12:14:00+09
431,Core i5 8600K,GTX 1060 6GB,3,0,1,6,3,0,0,2021-11-10 12:14:00+09,2021-11-10 12:14:00+09
432,Core i5 8600K,GTX 1060 3GB,3,0,1,6,3,0,0,2021-11-10 12:14:00+09,2021-11-10 12:14:00+09
433,Core i5 8600K,GTX 1050 Ti,3,0,1,8,2,0,0,2021-11-10 12:14:00+09,2021-11-10 12:14:00+09
434,Core i5 8600K,GTX 1050,2,0,1,8,2,0,0,2021-11-10 12:14:00+09,2021-11-10 12:14:00+09
435,Core i5 8600,RTX 2080 Ti,1,0,3,5,3,0,0,2021-11-10 12:14:00+09,2021-11-10 12:14:00+09
436,Core i5 8600,RTX 2080,1,0,3,6,3,0,0,2021-11-10 12:14:00+09,2021-11-10 12:14:00+09
437,Core i5 8600,RTX 2070,1,0,2,6,3,0,0,2021-11-10 12:14:00+09,2021-11-10 12:14:00+09
438,Core i5 8600,RTX 2060,3,0,2,6,3,0,0,2021-11-10 12:14:00+09,2021-11-10 12:14:00+09
439,Core i5 8600,GTX 1080 Ti,1,0,3,6,3,0,0,2021-11-10 12:14:00+09,2021-11-10 12:14:00+09
440,Core i5 8600,GTX 1080 ,1,0,2,6,3,0,0,2021-11-10 12:14:00+09,2021-11-10 12:14:00+09
441,Core i5 8600,GTX 1070 Ti,2,0,2,6,3,0,0,2021-11-10 12:14:00+09,2021-11-10 12:14:00+09
442,Core i5 8600,GTX 1070,3,0,1,6,3,0,0,2021-11-10 12:14:00+09,2021-11-10 12:14:00+09
443,Core i5 8600,GTX 1060 6GB,3,0,1,6,3,0,0,2021-11-10 12:14:00+09,2021-11-10 12:14:00+09
444,Core i5 8600,GTX 1060 3GB,3,0,1,6,3,0,0,2021-11-10 12:14:00+09,2021-11-10 12:14:00+09
445,Core i5 8600,GTX 1050 Ti,3,0,1,8,2,0,0,2021-11-10 12:14:00+09,2021-11-10 12:14:00+09
446,Core i5 8600,GTX 1050,2,0,1,8,1,0,0,2021-11-10 12:14:00+09,2021-11-10 12:14:00+09
447,Core i5 8500,RTX 2080 Ti,1,0,2,6,3,0,0,2021-11-10 12:14:00+09,2021-11-10 12:14:00+09
448,Core i5 8500,RTX 2080,1,0,2,6,3,0,0,2021-11-10 12:14:00+09,2021-11-10 12:14:00+09
449,Core i5 8500,RTX 2070,1,0,2,7,3,0,0,2021-11-10 12:14:00+09,2021-11-10 12:14:00+09
450,Core i5 8500,RTX 2060,3,0,2,7,3,0,0,2021-11-10 12:14:00+09,2021-11-10 12:14:00+09
451,Core i5 8500,GTX 1080 Ti,1,0,2,6,3,0,0,2021-11-10 12:14:00+09,2021-11-10 12:14:00+09
452,Core i5 8500,GTX 1080 ,1,0,2,6,3,0,0,2021-11-10 12:14:00+09,2021-11-10 12:14:00+09
453,Core i5 8500,GTX 1070 Ti,2,0,2,6,3,0,0,2021-11-10 12:14:00+09,2021-11-10 12:14:00+09
454,Core i5 8500,GTX 1070,3,0,1,7,3,0,0,2021-11-10 12:14:00+09,2021-11-10 12:14:00+09
455,Core i5 8500,GTX 1060 6GB,3,0,1,7,2,0,0,2021-11-10 12:14:00+09,2021-11-10 12:14:00+09
456,Core i5 8500,GTX 1060 3GB,3,0,1,7,2,0,0,2021-11-10 12:14:00+09,2021-11-10 12:14:00+09
457,Core i5 8500,GTX 1050 Ti,3,0,1,8,2,0,0,2021-11-10 12:14:00+09,2021-11-10 12:14:00+09
458,Core i5 8500,GTX 1050,3,0,1,8,1,0,0,2021-11-10 12:14:00+09,2021-11-10 12:14:00+09
459,Core i5 8400,RTX 2080 Ti,1,0,2,6,3,0,0,2021-11-10 12:14:00+09,2021-11-10 12:14:00+09
460,Core i5 8400,RTX 2080,1,0,2,6,3,0,0,2021-11-10 12:14:00+09,2021-11-10 12:14:00+09
461,Core i5 8400,RTX 2070,1,0,2,7,3,0,0,2021-11-10 12:14:00+09,2021-11-10 12:14:00+09
462,Core i5 8400,RTX 2060,3,0,2,7,3,0,0,2021-11-10 12:14:00+09,2021-11-10 12:14:00+09
463,Core i5 8400,GTX 1080 Ti,1,0,2,6,3,0,0,2021-11-10 12:14:00+09,2021-11-10 12:14:00+09
464,Core i5 8400,GTX 1080 ,1,0,2,6,3,0,0,2021-11-10 12:14:00+09,2021-11-10 12:14:00+09
465,Core i5 8400,GTX 1070 Ti,2,0,2,6,3,0,0,2021-11-10 12:14:00+09,2021-11-10 12:14:00+09
466,Core i5 8400,GTX 1070,3,0,1,7,3,0,0,2021-11-10 12:14:00+09,2021-11-10 12:14:00+09
467,Core i5 8400,GTX 1060 6GB,3,0,1,7,2,0,0,2021-11-10 12:14:00+09,2021-11-10 12:14:00+09
468,Core i5 8400,GTX 1060 3GB,3,0,1,7,2,0,0,2021-11-10 12:14:00+09,2021-11-10 12:14:00+09
469,Core i5 8400,GTX 1050 Ti,3,0,1,8,2,0,0,2021-11-10 12:14:00+09,2021-11-10 12:14:00+09
470,Core i5 8400,GTX 1050,3,0,1,8,1,0,0,2021-11-10 12:14:00+09,2021-11-10 12:14:00+09
471,Core i5 8400,GTX 980 Ti,3,0,0,8,3,0,0,2021-11-10 12:14:00+09,2021-11-10 12:14:00+09
472,Core i5 8400,GTX 980,4,0,0,8,3,0,0,2021-11-10 12:14:00+09,2021-11-10 12:14:00+09
473,Core i5 8400,GTX 970,3,0,0,9,3,0,0,2021-11-10 12:14:00+09,2021-11-10 12:14:00+09
474,Core i5 8400,GTX 960,3,0,0,9,2,0,0,2021-11-10 12:14:00+09,2021-11-10 12:14:00+09
475,Core i5 8400,GTX 950,1,0,0,11,2,0,0,2021-11-10 12:14:00+09,2021-11-10 12:14:00+09
476,Core i5 8400,GTX 750 Ti,1,0,0,12,2,0,0,2021-11-10 12:14:00+09,2021-11-10 12:14:00+09
477,Core i5 8400,GTX 750,1,0,0,12,2,0,0,2021-11-10 12:14:00+09,2021-11-10 12:14:00+09
478,Core i5 7400,GTX 750,3,0,0,15,1,0,0,2021-11-10 12:14:00+09,2021-11-10 12:14:00+09
479,Core i5 7400,GTX 750 Ti,3,0,0,13,1,0,0,2021-11-10 12:14:00+09,2021-11-10 12:14:00+09
480,Core i5 7400,GTX 950,3,0,0,12,1,0,0,2021-11-10 12:14:00+09,2021-11-10 12:14:00+09
481,Core i5 7400,GTX 1050,3,0,0,11,2,0,0,2021-11-10 12:14:00+09,2021-11-10 12:14:00+09
482,Core i5 7400,GTX 1050 Ti,3,0,0,12,2,0,0,2021-11-10 12:14:00+09,2021-11-10 12:14:00+09
483,Core i5 7400,GTX 960,3,0,0,11,2,0,0,2021-11-10 12:14:00+09,2021-11-10 12:14:00+09
484,Core i5 7400,GTX 970,2,0,0,10,2,0,0,2021-11-10 12:14:00+09,2021-11-10 12:14:00+09
485,Core i5 7400,GTX 1060 3GB,2,0,0,10,2,0,0,2021-11-10 12:14:00+09,2021-11-10 12:14:00+09
486,Core i5 7400,GTX 1060 6GB,2,0,0,9,2,0,0,2021-11-10 12:14:00+09,2021-11-10 12:14:00+09
487,Core i5 7400,GTX 980,1,0,0,9,3,0,0,2021-11-10 12:14:00+09,2021-11-10 12:14:00+09
488,Core i5 7400,GTX 980 Ti,1,0,0,9,3,0,0,2021-11-10 12:14:00+09,2021-11-10 12:14:00+09
489,Core i5 7400,GTX 1070,1,0,0,9,3,0,0,2021-11-10 12:14:00+09,2021-11-10 12:14:00+09
490,Core i5 7400,GTX 1080 ,1,0,0,7,3,0,0,2021-11-10 12:14:00+09,2021-11-10 12:14:00+09
491,Core i5 7400,GTX 1080 Ti,1,0,0,7,3,0,0,2021-11-10 12:14:00+09,2021-11-10 12:14:00+09
492,Core i5 7500,GTX 750,3,0,0,14,1,0,0,2021-11-10 12:14:00+09,2021-11-10 12:14:00+09
493,Core i5 7500,GTX 750 Ti,3,0,0,14,1,0,0,2021-11-10 12:14:00+09,2021-11-10 12:14:00+09
494,Core i5 7500,GTX 950,3,0,0,12,2,0,0,2021-11-10 12:14:00+09,2021-11-10 12:14:00+09
495,Core i5 7500,GTX 1050,3,0,0,11,2,0,0,2021-11-10 12:14:00+09,2021-11-10 12:14:00+09
496,Core i5 7500,GTX 1050 Ti,3,0,0,11,2,0,0,2021-11-10 12:14:00+09,2021-11-10 12:14:00+09
497,Core i5 7500,GTX 960,3,0,0,11,2,0,0,2021-11-10 12:14:00+09,2021-11-10 12:14:00+09
498,Core i5 7500,GTX 970,2,0,0,10,2,0,0,2021-11-10 12:14:00+09,2021-11-10 12:14:00+09
499,Core i5 7500,GTX 1060 3GB,2,0,0,10,2,0,0,2021-11-10 12:14:00+09,2021-11-10 12:14:00+09
500,Core i5 7500,GTX 1060 6GB,2,0,0,10,2,0,0,2021-11-10 12:14:00+09,2021-11-10 12:14:00+09
501,Core i5 7500,GTX 980,1,0,0,9,2,0,0,2021-11-10 12:14:00+09,2021-11-10 12:14:00+09
502,Core i5 7500,GTX 980 Ti,1,0,0,9,3,0,0,2021-11-10 12:14:00+09,2021-11-10 12:14:00+09
503,Core i5 7500,GTX 1070,1,0,0,9,3,0,0,2021-11-10 12:14:00+09,2021-11-10 12:14:00+09
504,Core i5 7500,GTX 1080 ,1,0,0,7,3,0,0,2021-11-10 12:14:00+09,2021-11-10 12:14:00+09
505,Core i5 7500,GTX 1080 Ti,1,0,0,7,3,0,0,2021-11-10 12:14:00+09,2021-11-10 12:14:00+09
506,Core i5 7600K,GTX 750,1,0,0,13,1,0,0,2021-11-10 12:14:00+09,2021-11-10 12:14:00+09
507,Core i5 7600K,GTX 750 Ti,2,0,0,12,1,0,0,2021-11-10 12:14:00+09,2021-11-10 12:14:00+09
508,Core i5 7600K,GTX 950,3,0,0,11,2,0,0,2021-11-10 12:14:00+09,2021-11-10 12:14:00+09
509,Core i5 7600K,GTX 1050,3,0,0,11,2,0,0,2021-11-10 12:14:00+09,2021-11-10 12:14:00+09
510,Core i5 7600K,GTX 1050 Ti,3,0,0,11,2,0,0,2021-11-10 12:14:00+09,2021-11-10 12:14:00+09
511,Core i5 7600K,GTX 960,3,0,0,11,3,0,0,2021-11-10 12:14:00+09,2021-11-10 12:14:00+09
512,Core i5 7600K,GTX 970,3,0,0,10,3,0,0,2021-11-10 12:14:00+09,2021-11-10 12:14:00+09
513,Core i5 7600K,GTX 1060 3GB,3,0,0,10,3,0,0,2021-11-10 12:14:00+09,2021-11-10 12:14:00+09
514,Core i5 7600K,GTX 1060 6GB,3,0,0,9,3,0,0,2021-11-10 12:14:00+09,2021-11-10 12:14:00+09
515,Core i5 7600K,GTX 980,3,0,0,9,3,0,0,2021-11-10 12:14:00+09,2021-11-10 12:14:00+09
516,Core i5 7600K,GTX 980 Ti,2,0,0,8,3,0,0,2021-11-10 12:14:00+09,2021-11-10 12:14:00+09
517,Core i5 7600K,GTX 1070,2,0,0,7,4,0,0,2021-11-10 12:14:00+09,2021-11-10 12:14:00+09
518,Core i5 7600K,GTX 1080 ,2,0,0,7,4,0,0,2021-11-10 12:14:00+09,2021-11-10 12:14:00+09
519,Core i5 7600K,GTX 1080 Ti,2,0,0,7,4,0,0,2021-11-10 12:14:00+09,2021-11-10 12:14:00+09
520,Core i5 7600,GTX 750,3,0,0,13,1,0,0,2021-11-10 12:14:00+09,2021-11-10 12:14:00+09
521,Core i5 7600,GTX 750 Ti,3,0,0,13,1,0,0,2021-11-10 12:14:00+09,2021-11-10 12:14:00+09
522,Core i5 7600,GTX 950,3,0,0,12,2,0,0,2021-11-10 12:14:00+09,2021-11-10 12:14:00+09
523,Core i5 7600,GTX 1050,3,0,0,12,2,0,0,2021-11-10 12:14:00+09,2021-11-10 12:14:00+09
524,Core i5 7600,GTX 1050 Ti,3,0,0,11,2,0,0,2021-11-10 12:14:00+09,2021-11-10 12:14:00+09
525,Core i5 7600,GTX 960,3,0,0,11,2,0,0,2021-11-10 12:14:00+09,2021-11-10 12:14:00+09
526,Core i5 7600,GTX 970,3,0,0,10,2,0,0,2021-11-10 12:14:00+09,2021-11-10 12:14:00+09
527,Core i5 7600,GTX 1060 3GB,3,0,0,10,3,0,0,2021-11-10 12:14:00+09,2021-11-10 12:14:00+09
528,Core i5 7600,GTX 1060 6GB,3,0,0,10,3,0,0,2021-11-10 12:14:00+09,2021-11-10 12:14:00+09
529,Core i5 7600,GTX 980,3,0,0,9,3,0,0,2021-11-10 12:14:00+09,2021-11-10 12:14:00+09
530,Core i5 7600,GTX 980 Ti,2,0,0,9,3,0,0,2021-11-10 12:14:00+09,2021-11-10 12:14:00+09
531,Core i5 7600,GTX 1070,2,0,0,8,3,0,0,2021-11-10 12:14:00+09,2021-11-10 12:14:00+09
532,Core i5 7600,GTX 1080 ,2,0,0,7,4,0,0,2021-11-10 12:14:00+09,2021-11-10 12:14:00+09
533,Core i5 7600,GTX 1080 Ti,2,0,0,7,4,0,0,2021-11-10 12:14:00+09,2021-11-10 12:14:00+09
534,Core i7 7700,GTX 750,2,0,0,13,1,0,0,2021-11-10 12:14:00+09,2021-11-10 12:14:00+09
535,Core i7 7700,GTX 750 Ti,2,0,0,12,1,0,0,2021-11-10 12:14:00+09,2021-11-10 12:14:00+09
536,Core i7 7700,GTX 950,2,0,0,11,2,0,0,2021-11-10 12:14:00+09,2021-11-10 12:14:00+09
537,Core i7 7700,GTX 1050,2,0,0,11,2,0,0,2021-11-10 12:14:00+09,2021-11-10 12:14:00+09
538,Core i7 7700,GTX 1050 Ti,3,0,0,11,3,0,0,2021-11-10 12:14:00+09,2021-11-10 12:14:00+09
539,Core i7 7700,GTX 960,3,0,0,11,3,0,0,2021-11-10 12:14:00+09,2021-11-10 12:14:00+09
540,Core i7 7700,GTX 970,4,0,0,10,3,0,0,2021-11-10 12:14:00+09,2021-11-10 12:14:00+09
541,Core i7 7700,GTX 1060 3GB,4,0,0,9,4,0,0,2021-11-10 12:14:00+09,2021-11-10 12:14:00+09
542,Core i7 7700,GTX 1060 6GB,4,0,0,9,4,0,0,2021-11-10 12:14:00+09,2021-11-10 12:14:00+09
543,Core i7 7700,GTX 980,3,0,0,9,4,0,0,2021-11-10 12:14:00+09,2021-11-10 12:14:00+09
544,Core i7 7700,GTX 980 Ti,3,0,0,8,4,0,0,2021-11-10 12:14:00+09,2021-11-10 12:14:00+09
545,Core i7 7700,GTX 1070,3,0,0,7,4,0,0,2021-11-10 12:14:00+09,2021-11-10 12:14:00+09
546,Core i7 7700,GTX 1080 ,3,0,0,7,4,0,0,2021-11-10 12:14:00+09,2021-11-10 12:14:00+09
547,Core i7 7700,GTX 1080 Ti,3,0,0,7,4,0,0,2021-11-10 12:14:00+09,2021-11-10 12:14:00+09
548,Core i7 7700K,GTX 750,2,0,0,14,1,0,0,2021-11-10 12:14:00+09,2021-11-10 12:14:00+09
549,Core i7 7700K,GTX 750 Ti,2,0,0,11,1,0,0,2021-11-10 12:14:00+09,2021-11-10 12:14:00+09
550,Core i7 7700K,GTX 950,2,0,0,11,2,0,0,2021-11-10 12:14:00+09,2021-11-10 12:14:00+09
551,Core i7 7700K,GTX 1050,2,0,0,11,2,0,0,2021-11-10 12:14:00+09,2021-11-10 12:14:00+09
552,Core i7 7700K,GTX 1050 Ti,2,0,0,10,3,0,0,2021-11-10 12:14:00+09,2021-11-10 12:14:00+09
553,Core i7 7700K,GTX 960,2,0,0,10,3,0,0,2021-11-10 12:14:00+09,2021-11-10 12:14:00+09
554,Core i7 7700K,GTX 970,3,0,0,9,4,0,0,2021-11-10 12:14:00+09,2021-11-10 12:14:00+09
555,Core i7 7700K,GTX 1060 3GB,3,0,0,8,4,0,0,2021-11-10 12:14:00+09,2021-11-10 12:14:00+09
556,Core i7 7700K,GTX 1060 6GB,3,0,0,8,4,0,0,2021-11-10 12:14:00+09,2021-11-10 12:14:00+09
557,Core i7 7700K,GTX 980,3,0,0,9,4,0,0,2021-11-10 12:14:00+09,2021-11-10 12:14:00+09
558,Core i7 7700K,GTX 980 Ti,4,0,0,7,4,0,0,2021-11-10 12:14:00+09,2021-11-10 12:14:00+09
559,Core i7 7700K,GTX 1070,4,0,0,7,4,0,0,2021-11-10 12:14:00+09,2021-11-10 12:14:00+09
560,Core i7 7700K,GTX 1080 ,4,0,0,7,4,0,0,2021-11-10 12:14:00+09,2021-11-10 12:14:00+09
561,Core i7 7700K,GTX 1080 Ti,3,0,0,7,4,0,0,2021-11-10 12:14:00+09,2021-11-10 12:14:00+09
562,Core i5 6400,GTX 750,3,0,0,15,1,0,0,2021-11-10 12:14:00+09,2021-11-10 12:14:00+09
563,Core i5 6400,GTX 750 Ti,3,0,0,13,1,0,0,2021-11-10 12:14:00+09,2021-11-10 12:14:00+09
564,Core i5 6400,GTX 950,3,0,0,12,1,0,0,2021-11-10 12:14:00+09,2021-11-10 12:14:00+09
565,Core i5 6400,GTX 1050,3,0,0,12,2,0,0,2021-11-10 12:14:00+09,2021-11-10 12:14:00+09
566,Core i5 6400,GTX 1050 Ti,3,0,0,11,2,0,0,2021-11-10 12:14:00+09,2021-11-10 12:14:00+09
567,Core i5 6400,GTX 960,3,0,0,12,2,0,0,2021-11-10 12:14:00+09,2021-11-10 12:14:00+09
568,Core i5 6400,GTX 970,2,0,0,11,2,0,0,2021-11-10 12:14:00+09,2021-11-10 12:14:00+09
569,Core i5 6400,GTX 1060 3GB,2,0,0,10,2,0,0,2021-11-10 12:14:00+09,2021-11-10 12:14:00+09
570,Core i5 6400,GTX 1060 6GB,2,0,0,10,2,0,0,2021-11-10 12:14:00+09,2021-11-10 12:14:00+09
571,Core i5 6400,GTX 980,1,0,0,10,2,0,0,2021-11-10 12:14:00+09,2021-11-10 12:14:00+09
572,Core i5 6400,GTX 980 Ti,1,0,0,9,3,0,0,2021-11-10 12:14:00+09,2021-11-10 12:14:00+09
573,Core i5 6400,GTX 1070,1,0,0,9,3,0,0,2021-11-10 12:14:00+09,2021-11-10 12:14:00+09
574,Core i5 6400,GTX 1080 ,1,0,0,8,3,0,0,2021-11-10 12:14:00+09,2021-11-10 12:14:00+09
575,Core i5 6500,GTX 750,2,0,0,14,1,0,0,2021-11-10 12:14:00+09,2021-11-10 12:14:00+09
576,Core i5 6500,GTX 750 Ti,3,0,0,13,1,0,0,2021-11-10 12:14:00+09,2021-11-10 12:14:00+09
577,Core i5 6500,GTX 950,3,0,0,12,2,0,0,2021-11-10 12:14:00+09,2021-11-10 12:14:00+09
578,Core i5 6500,GTX 1050,3,0,0,12,2,0,0,2021-11-10 12:14:00+09,2021-11-10 12:14:00+09
579,Core i5 6500,GTX 1050 Ti,3,0,0,11,2,0,0,2021-11-10 12:14:00+09,2021-11-10 12:14:00+09
580,Core i5 6500,GTX 960,3,0,0,12,2,0,0,2021-11-10 12:14:00+09,2021-11-10 12:14:00+09
581,Core i5 6500,GTX 970,2,0,0,11,2,0,0,2021-11-10 12:14:00+09,2021-11-10 12:14:00+09
582,Core i5 6500,GTX 1060 3GB,2,0,0,10,2,0,0,2021-11-10 12:14:00+09,2021-11-10 12:14:00+09
583,Core i5 6500,GTX 1060 6GB,2,0,0,10,2,0,0,2021-11-10 12:14:00+09,2021-11-10 12:14:00+09
584,Core i5 6500,GTX 980,2,0,0,10,2,0,0,2021-11-10 12:14:00+09,2021-11-10 12:14:00+09
585,Core i5 6500,GTX 980 Ti,2,0,0,9,3,0,0,2021-11-10 12:14:00+09,2021-11-10 12:14:00+09
586,Core i5 6500,GTX 1070,2,0,0,9,3,0,0,2021-11-10 12:14:00+09,2021-11-10 12:14:00+09
587,Core i5 6500,GTX 1080 ,1,0,0,8,3,0,0,2021-11-10 12:14:00+09,2021-11-10 12:14:00+09
588,Core i5 6600,GTX 750,3,0,0,14,1,0,0,2021-11-10 12:14:00+09,2021-11-10 12:14:00+09
589,Core i5 6600,GTX 750 Ti,3,0,0,13,1,0,0,2021-11-10 12:14:00+09,2021-11-10 12:14:00+09
590,Core i5 6600,GTX 950,3,0,0,12,2,0,0,2021-11-10 12:14:00+09,2021-11-10 12:14:00+09
591,Core i5 6600,GTX 1050,3,0,0,12,2,0,0,2021-11-10 12:14:00+09,2021-11-10 12:14:00+09
592,Core i5 6600,GTX 1050 Ti,3,0,0,11,2,0,0,2021-11-10 12:14:00+09,2021-11-10 12:14:00+09
593,Core i5 6600,GTX 960,3,0,0,11,2,0,0,2021-11-10 12:14:00+09,2021-11-10 12:14:00+09
594,Core i5 6600,GTX 970,3,0,0,10,2,0,0,2021-11-10 12:14:00+09,2021-11-10 12:14:00+09
595,Core i5 6600,GTX 1060 3GB,2,0,0,10,3,0,0,2021-11-10 12:14:00+09,2021-11-10 12:14:00+09
596,Core i5 6600,GTX 1060 6GB,2,0,0,10,3,0,0,2021-11-10 12:14:00+09,2021-11-10 12:14:00+09
597,Core i5 6600,GTX 980,2,0,0,9,3,0,0,2021-11-10 12:14:00+09,2021-11-10 12:14:00+09
598,Core i5 6600,GTX 980 Ti,2,0,0,9,3,0,0,2021-11-10 12:14:00+09,2021-11-10 12:14:00+09
599,Core i5 6600,GTX 1070,2,0,0,9,3,0,0,2021-11-10 12:14:00+09,2021-11-10 12:14:00+09
600,Core i5 6600,GTX 1080 ,2,0,0,8,4,0,0,2021-11-10 12:14:00+09,2021-11-10 12:14:00+09
601,Core i5 6600K,GTX 750,1,0,0,13,1,0,0,2021-11-10 12:14:00+09,2021-11-10 12:14:00+09
602,Core i5 6600K,GTX 750 Ti,2,0,0,12,1,0,0,2021-11-10 12:14:00+09,2021-11-10 12:14:00+09
603,Core i5 6600K,GTX 950,2,0,0,11,2,0,0,2021-11-10 12:14:00+09,2021-11-10 12:14:00+09
604,Core i5 6600K,GTX 1050,2,0,0,11,2,0,0,2021-11-10 12:14:00+09,2021-11-10 12:14:00+09
605,Core i5 6600K,GTX 1050 Ti,3,0,0,11,2,0,0,2021-11-10 12:14:00+09,2021-11-10 12:14:00+09
606,Core i5 6600K,GTX 960,3,0,0,11,3,0,0,2021-11-10 12:14:00+09,2021-11-10 12:14:00+09
607,Core i5 6600K,GTX 970,3,0,0,10,3,0,0,2021-11-10 12:14:00+09,2021-11-10 12:14:00+09
608,Core i5 6600K,GTX 1060 3GB,3,0,0,10,3,0,0,2021-11-10 12:14:00+09,2021-11-10 12:14:00+09
609,Core i5 6600K,GTX 1060 6GB,2,0,0,10,3,0,0,2021-11-10 12:14:00+09,2021-11-10 12:14:00+09
610,Core i5 6600K,GTX 980,2,0,0,9,3,0,0,2021-11-10 12:14:00+09,2021-11-10 12:14:00+09
611,Core i5 6600K,GTX 980 Ti,2,0,0,9,3,0,0,2021-11-10 12:14:00+09,2021-11-10 12:14:00+09
612,Core i5 6600K,GTX 1070,2,0,0,9,3,0,0,2021-11-10 12:14:00+09,2021-11-10 12:14:00+09
613,Core i5 6600K,GTX 1080 ,2,0,0,8,4,0,0,2021-11-10 12:14:00+09,2021-11-10 12:14:00+09
614,Core I7 6700,GTX 750,2,0,0,13,1,0,0,2021-11-10 12:14:00+09,2021-11-10 12:14:00+09
615,Core I7 6700,GTX 750 Ti,2,0,0,12,1,0,0,2021-11-10 12:14:00+09,2021-11-10 12:14:00+09
616,Core I7 6700,GTX 950,2,0,0,11,2,0,0,2021-11-10 12:14:00+09,2021-11-10 12:14:00+09
617,Core I7 6700,GTX 1050,2,0,0,11,2,0,0,2021-11-10 12:14:00+09,2021-11-10 12:14:00+09
618,Core I7 6700,GTX 1050 Ti,2,0,0,11,3,0,0,2021-11-10 12:14:00+09,2021-11-10 12:14:00+09
619,Core I7 6700,GTX 960,3,0,0,11,3,0,0,2021-11-10 12:14:00+09,2021-11-10 12:14:00+09
620,Core I7 6700,GTX 970,3,0,0,10,3,0,0,2021-11-10 12:14:00+09,2021-11-10 12:14:00+09
621,Core I7 6700,GTX 1060 3GB,3,0,0,9,4,0,0,2021-11-10 12:14:00+09,2021-11-10 12:14:00+09
622,Core I7 6700,GTX 1060 6GB,3,0,0,9,4,0,0,2021-11-10 12:14:00+09,2021-11-10 12:14:00+09
623,Core I7 6700,GTX 980,2,0,0,9,4,0,0,2021-11-10 12:14:00+09,2021-11-10 12:14:00+09
624,Core I7 6700,GTX 980 Ti,2,0,0,8,4,0,0,2021-11-10 12:14:00+09,2021-11-10 12:14:00+09
625,Core I7 6700,GTX 1070,2,0,0,8,4,0,0,2021-11-10 12:14:00+09,2021-11-10 12:14:00+09
626,Core I7 6700,GTX 1080 ,2,0,0,7,4,0,0,2021-11-10 12:14:00+09,2021-11-10 12:14:00+09
627,Core I7 6700K,GTX 750,2,0,0,14,1,0,0,2021-11-10 12:14:00+09,2021-11-10 12:14:00+09
628,Core I7 6700K,GTX 750 Ti,2,0,0,13,1,0,0,2021-11-10 12:14:00+09,2021-11-10 12:14:00+09
629,Core I7 6700K,GTX 950,2,0,0,12,2,0,0,2021-11-10 12:14:00+09,2021-11-10 12:14:00+09
630,Core I7 6700K,GTX 1050,2,0,0,11,2,0,0,2021-11-10 12:14:00+09,2021-11-10 12:14:00+09
631,Core I7 6700K,GTX 1050 Ti,2,0,0,10,3,0,0,2021-11-10 12:14:00+09,2021-11-10 12:14:00+09
632,Core I7 6700K,GTX 960,2,0,0,10,3,0,0,2021-11-10 12:14:00+09,2021-11-10 12:14:00+09
633,Core I7 6700K,GTX 970,3,0,0,9,4,0,0,2021-11-10 12:14:00+09,2021-11-10 12:14:00+09
634,Core I7 6700K,GTX 1060 3GB,3,0,0,9,4,0,0,2021-11-10 12:14:00+09,2021-11-10 12:14:00+09
635,Core I7 6700K,GTX 1060 6GB,3,0,0,8,4,0,0,2021-11-10 12:14:00+09,2021-11-10 12:14:00+09
636,Core I7 6700K,GTX 980,3,0,0,8,4,0,0,2021-11-10 12:14:00+09,2021-11-10 12:14:00+09
637,Core I7 6700K,GTX 980 Ti,3,0,0,8,4,0,0,2021-11-10 12:14:00+09,2021-11-10 12:14:00+09
638,Core I7 6700K,GTX 1070,3,0,0,7,4,0,0,2021-11-10 12:14:00+09,2021-11-10 12:14:00+09
639,Core I7 6700K,GTX 1080 ,3,0,0,7,4,0,0,2021-11-10 12:14:00+09,2021-11-10 12:14:00+09
